INSERT IGNORE INTO `findlunch`.`country` (`country_code`, `name`) VALUES ('DE', 'Deutschland');

INSERT IGNORE INTO `findlunch`.`day_of_week` (`id`, `name`, `day_number`) VALUES (1, 'Montag', 2);
INSERT IGNORE INTO `findlunch`.`day_of_week` (`id`, `name`, `day_number`) VALUES (2, 'Dienstag', 3);
INSERT IGNORE INTO `findlunch`.`day_of_week` (`id`, `name`, `day_number`) VALUES (3, 'Mittwoch', 4);
INSERT IGNORE INTO `findlunch`.`day_of_week` (`id`, `name`, `day_number`) VALUES (4, 'Donnerstag', 5);
INSERT IGNORE INTO `findlunch`.`day_of_week` (`id`, `name`, `day_number`) VALUES (5, 'Freitag', 6);
INSERT IGNORE INTO `findlunch`.`day_of_week` (`id`, `name`, `day_number`) VALUES (6, 'Samstag', 7);
INSERT IGNORE INTO `findlunch`.`day_of_week` (`id`, `name`, `day_number`) VALUES (7, 'Sonntag', 1);

INSERT IGNORE INTO `findlunch`.`kitchen_type` (`id`, `name`) VALUES (1, 'Italienisch');
INSERT IGNORE INTO `findlunch`.`kitchen_type` (`id`, `name`) VALUES (2, 'Indisch');
INSERT IGNORE INTO `findlunch`.`kitchen_type` (`id`, `name`) VALUES (3, 'Griechisch');
INSERT IGNORE INTO `findlunch`.`kitchen_type` (`id`, `name`) VALUES (4, 'Asiatisch');
INSERT IGNORE INTO `findlunch`.`kitchen_type` (`id`, `name`) VALUES (5, 'Bayerisch');


INSERT IGNORE INTO `findlunch`.`course_types` (`id`, `restaurant_id`, `name`, `sort_by`) VALUES ('1', '101', 'Vorspeise', '1');
INSERT IGNORE INTO `findlunch`.`course_types` (`id`, `restaurant_id`, `name`, `sort_by`) VALUES ('2', '101', 'Hauptspeise', '2');
INSERT IGNORE INTO `findlunch`.`course_types` (`id`, `restaurant_id`, `name`, `sort_by`) VALUES ('3', '101', 'Nachspeise', '3');
INSERT IGNORE INTO `findlunch`.`course_types` (`id`, `restaurant_id`, `name`, `sort_by`) VALUES ('3', '11', 'Hauptspeise', '1');
INSERT IGNORE INTO `findlunch`.`course_types` (`id`, `restaurant_id`, `name`, `sort_by`) VALUES ('4', '12', 'Hauptspeise', '1');
INSERT IGNORE INTO `findlunch`.`course_types` (`id`, `restaurant_id`, `name`, `sort_by`) VALUES ('5', '13', 'Hauptspeise', '1');

INSERT IGNORE INTO `findlunch`.`restaurant_type` (`id`, `name`) VALUES (1, 'Imbiss');
INSERT IGNORE INTO `findlunch`.`restaurant_type` (`id`, `name`) VALUES (2, 'Restaurant');
INSERT IGNORE INTO `findlunch`.`restaurant_type` (`id`, `name`) VALUES (3, 'Bäckerei');
INSERT IGNORE INTO `findlunch`.`restaurant_type` (`id`, `name`) VALUES (4, 'Sonstiges');

INSERT IGNORE INTO `findlunch`.`user_type` (`id`,`name`) VALUES (1, "Anbieter");
INSERT IGNORE INTO `findlunch`.`user_type` (`id`,`name`) VALUES (2, "Kunde");
INSERT IGNORE INTO `findlunch`.`user_type` (`id`,`name`) VALUES (3, "Betreiber");

INSERT IGNORE INTO `findlunch`.`euro_per_point` (`id`,`euro`) VALUES (1, 1.0);

INSERT IGNORE INTO `findlunch`.`minimum_profit` (`id`,`profit`) VALUES (1, 10);

-- account type
INSERT IGNORE INTO `findlunch`.`account_type` (`id`,`name`) VALUES (1, 'Forderungskonto');
INSERT IGNORE INTO `findlunch`.`account_type` (`id`,`name`) VALUES (2, 'Kundenkonto');

-- booking reason
INSERT IGNORE INTO `findlunch`.`booking_reason` (`id`,`reason`) VALUES (1, 'Forderung');
INSERT IGNORE INTO `findlunch`.`booking_reason` (`id`,`reason`) VALUES (2, 'Einzahlung');

-- Account Data
INSERT IGNORE INTO `findlunch`.`account` (`id`, `account_number`, `account_type_id`) VALUES
(1, 1, 1),
(2, 728666923, 2),
(3, 656553911, 2),
(4, 646594879, 2),
(101, 101221750, 2);

-- Restaurant Data
INSERT IGNORE INTO `findlunch`.`restaurant` (`id`, `customer_id`, `name`, `street`, `street_number`, `zip`, `city`, `country_code`, `location_latitude`, `location_longitude`, `email`, `phone`, `url`, `restaurant_type_id`, `restaurant_uuid`, `qr_uuid`) VALUES
(11, 510207137, 'FH München Mensa', 'Lothstraße', '13', '80335', 'München', 'DE', 48.1534, 11.5518, 'fh@fh.com', '123123', 'www.aa.de', 4, '5b36b3e3-054d-41b9-be3c-19fcece09fb5', 0x89504e470d0a1a0a0000000d49484452000000fa000000fa0100000000a09767900000022a4944415478daed993d8e83400c858d282839023721178b04522e06379923a49c02e17dcf437643126db10d4f5a28103f5f819d67fbcdc4fcf763b213388113f8d780e1e87c764fb96f6f9ead5df86890021af7a5c36934ab709b2ff76be77e170326bb76f876c453ddaf16b7b8520498651c23de212855c06a66d9cca75611083dccdb151e7d16ccb140545633e3f1f7e943e91d0cf8160aa4601085f5eda72676380015400a7542a35a3a96bff9da6a01c86ded06003d1449cf5550ae05e086a554025a2c33d5a606f88acac7f5e07887ca9a100b221ba400f4a3e84c106d6fe8f633e4eb6a4009204626d08eb7692b2f1d00bf3de63abb3da711e3f1c49314c0ca4a7837c286300a161a5d931480b46e52c825c11c49d3f3381000f0ed756aa6b664d9d9f2f77ad00098655616926e54069abf8901e8f175caf49a90ef12ed89416901ac2cae2f6038d99922a8bd60040078cd81a1d0b0870d418f6a9e1d8802401b5c66504ccb668568e500a31e2200dea5c877aec400fa22b4273824543e16be5528570cb0d043cc75df5abe35cf865301083d2080cd10c784cabd1a806ecfa2a754e9da61936ca70705000120c16bd8ccd29eec7529773cf058a9b15b71645ed84df7aba4e38158f3c21a4305bc8ccda2bde114001ebb0723ea09dd2a360eccd480d8c2a2a18b1da328fff78d1a05c07ff606e1455e16c532c05c4652d8906dab500aa01ef0ed430a2f021b774b72405456cc4d14fd5256bf7bb327009c7f709cc0099cc05f802f0d4d513fcfb82e620000000049454e44ae426082),
(12, 954164649, 'Cafe Bar Mellow (Lounge Cafe Restaurant)', 'Dachauer Straße', '159', '80636', 'München', 'DE', 48.1545, 11.5528, 'mellow@mellow.com', '08989050923', 'www.aa.de', 2, '42e559a9-9cab-456a-a809-69f239bbb463', 0x89504e470d0a1a0a0000000d49484452000000fa000000fa0100000000a0976790000002284944415478daed99418eab3010441bb1f09223709370b14841cac5e0263e024b2f22f75495ff9f09c9cc5ffc0d2d0d2c50306fa4d8a92e577bccff7d2d7602277002bf1a305c63aab8d9d446af1cba850292fb6374dfccd2eaf7ecd5ae7c0c062c1c59acf7d2f93c26dfaea3751101eb3095b40cde6611132836dc9db75c2e2101ea01c3b7dc54b07c2b98838156592b54f079fbaef48e05be2e88827a187e34b1038175a33d6d7d96723100654c4f4b1d02a8aca71513b08b2a0bf24d1e0c309612943bcb4d47a0f8b40603ca84b58554a954eb333c807f34782c801e2f01940ea2c0e3c3767a880060a96fae7d1ddf5da27d182c3f16207bc76e74cff0fd5b4e12c5120c8054fb268aa2f9746fe51f00c002cfdc28e1f1a032de5d2d1ce04c70c5b4ca3e632822800918462055446350b0a7bc4b201100664dea15a9b83226f15daa4f1e150190d1cb48932635e1d3aefc2300dad75b7f413d140265f75b040028059812561996da53c30fb3680067f167f3acc30c590cdedc2a14c004d7762379fca240b2c5020a67d18c0a9b9391ca1e0dd0c141a1dbb79e1c8f160e6078cb12adf2318b0af379ce720100b593496e5a5159ca9ded442610f0b74943cc6c0904ab6c97d776f260403dafa231def5ed3021d5608096da747a5075d88177c95f7f8ba3017d6df66792aa02494c4046250f60bbb6d7431840276e8a4902d2db01e6d1804eb4a676cec19e8d8de59b471d0cb4ca52565777fe9ee50200e73f384ee0044ee07f800fda2b6ae4755a414e0000000049454e44ae426082),
(13, 276767662, 'Soon Coffe', 'Lothstraße', '15', '80335', 'München', 'DE', 48.1542, 11.5532, 'soon@soon.com', '33425235', 'www.aa.de', 3, '2188dd55-69e2-4fa4-ab58-f7358398e6e7', 0x89504e470d0a1a0a0000000d49484452000000fa000000fa0100000000a0976790000002224944415478daed993d8e84300c858d28527284dc042e86c4485c6ce6263902650a84f73d9bd50c2bb4c536585a52a0217c456cf9f92723fafb7aca0ddcc00dfc6b40b0b2be96b6e0e521f835726b0a0524d535e3f10005c05e559760c053c62c0d775eaaa54ab7eeafe1808156e8d26a1d96312890cccb1be2005444c0e26113866aa75a1b002701732d60ca4ad0d3fb7122bd8b015bb5c78e0cc8018887e924895d0db8e81791da77b30a1ec59c1e0ad8a45569742e088589d9548bf49fae0e00e0056bb05377ab9815351ed0f9b10ba8355b36e55e28c0d213b6e7c2c8c809a6e43d72e30075e0b11b5d052915caeabb1f753306b0a003d9ac0d712faff2c38a0040b367a662f18a440a796d1ff1100190c60ba530518d826f7075348052477384ba09f9cf9a081ce41f0180f2ed1b3b101a4065217c6301e8d52756f8315b9b94f6d6586301ece52ae3c14b12ec39ca3f020029b51e14e6ea64c0a7ab23005e2d8525891aabe22b16501b6b4320aa6ad59246a56312bb1e40a21f394ece5ee1dd8acf6c1f04d895c56f0c5f0f8f50000ad183f3cf23f3ecc5c6497d060358d22d1e8a5f21e05b39e6870000bd2c267a344c56dc85d36f2c40f7e95cac6e16ab46e1807de67510d98a89ea58580300efdb83ea374678a4f3eb850b01ab9b3dba760b0aaff03181efd6985d53ab310136ec6ce225c386560f83790880f100e5af9cce4dfe7629aca10053965dc1c0d5ad17f7c3a41601b8ffe0b8811bb881bf005f90ae3281ae9564d70000000049454e44ae426082),
(101, 118829006, 'Ionic Cafe', 'Lothstraße', '64', '80335', 'München', 'DE', 48.1543, 11.5569, 'restaurant@ionic.com', '0000', NULL, NULL, 'f66a1313-8710-4f5c-ba58-c3aab759c8a2', 0x89504E470D0A1A0A0000000D49484452000000FA000000FA0100000000A09767900000022B4944415478DAED993D6E843010856745E192237013B8D84A44E26270131F819262E5C97B6348F8D9A448E391028517CC5778466FFE58D1DFAF516EE0066EE05F0382AB91C7FC6C74D24183EA8B5BBD2B803B4D186B5B344A2B407576068CD80989C79EF4835B2F1AE510D0540F2A0FB87AA1153E81A585ABF18ECA786B456920EB01EFCC80457E104C51C0222B4C88ACAFE54DE8150674334524FBBB7E97C44A03A3A9944087058FC2A5770520330D314C747A37F71131C6445AAB2BC00CC07DA59042BF867FB717AD0320243B31DF7548A4300A4B126700F440DF0ED88068A9DC53DD74006882979139CDD5555C3ADC69DAE9C105A0B3340C2F41DDD4689175C8F61E008876DBEEECE8DF89CA0F10D677A84BE840509228DA638E2A0F209E86DCC109CF1ED6185357807570B9F96022657117DD87BF078091CF6C0F153CE06AA6D478CCB40E00D55C32E174BA5A68CF410F1E80DC0B63898B1527E680E554378B0381390A67EF358F6BE952371D00E66504154501D186ACE1BD990E0093AAF93BE7FDC444BACFF61E0078B9E2AF9D1DC55D6CD2D89BE900B0C867A18C81655EF9180E53920720ADBD66DCC6219BD9BC01B595CC576328824AC4FA634F806E33A5582F67F34F38F672E50173B06657D7ACF5F3E9138707C0BE1E400015F5F0CC7A3D655A0780CDBCADF5EF6C98B2D355FD01668A759DBADE39046CF00DEC906C4E5FAEAE2E0C686EE3B0DDA26B877C45DC0139B210F4ECDF7B521AAF9FBC0A03F71F1C37700337F017E0133618D4677076D9610000000049454E44AE426082);

-- Restaurant Logos Default
INSERT IGNORE INTO findlunch.restaurant_logo (id, restaurant_id, logo, thumbnail) VALUES
(1, 11, 0x89504E470D0A1A0A0000000D49484452000002CF000002D008060000006FF29DF9000037454944415478DAEDDD7D949C6561FFFFCF3C243C18122550081114212288820AF8549FC0B652B1956AB150ABF2558F3FDB636D0FFE6A518FDA8A824AADD6D6D6D66ABFF65741D41E7C44ADD52A050451C3B34040100808181220846477E6FEFD3173CDCE6E3621D9CC6E76775EAF73EEB39B7D9CB96726F3BEAFBDE6BA6B99BF6ADDADDEFD7795A4B595AFDF2DC95E7DDB7E49F64FB23CC9E2240B93EC3261EBFF58B3FBFBFA7FFF7C7E7F267F275B56D90543B37FAA69F85A3FD3F5717D86EB67D6928C26D9D8B76D9AF0EF8D491E4A7277925F24B9BDFBFEBDDDB7EB1FA1BD1ADDF7DBDDDF3BEF9EA7E65BA0D4FBAE536B0B9FDF2FC981498E4872689203922C4BF2986E2497500600A0D354EB92DC9FE4BE247726599DE49624D725B9BEFBEFFB26F9DE465FC0CF8B98AECD83CB5F46975B136E906692272439ACBB3D3DC98A24072579D4361CA1555B38B2AB0DC141C87CBD4E00DBC25F7418C6FBF9D67AA7BE0D3FEFAE243F4FF293249725B922C90D49364CF8BA66F777B5E7EA63AD36472F73D9268E2E1F92E498242F4AF2AC6E282FDCC21DA635E1E725934F49000010DBE30716ABBEB09E2CAEDB496E4BF2C324DF4B727192AB2704F3C4291EE2791A2E6B239DB93AC5C27446947F2BC94B923C2D9DF9C7FDCA88746DC20600C0E0E2BADDD75C8D497AECDA24DF4AF28D2497A633B7BA6876BFBF2D9E775C99C7DC3FCA7C54925726F99D74E62D4F16CB75A10C00B0D362BA04F56431BD2AC937937C3EC945191B796EF47D9F78DE4E1377DE7E494E4AF2AA24CFECBBEC650A8658060098FD31DD98D06B972739AFBBDDDAFDD86483A7E2792BD1DC3FF7E59824AF4F67A479CFBEAF1BCD96E7D90000307B95D6EB1F91BE3FC917937C329D171D9656ADCFA6889E4DF15CEFDB9949F2C2247F9EE46519BFFC9C79CB0000F337A4DB492E48F29124DFDD42270E753C4F3CA2787192FF37C96FF67DCD68361FE2070060FEE89FD6517C33C987D259B123E9BCB070E2F2C44315CF8DBE683E32C9BB92BC622B3B100080F9AFFFF56C49673AC77BD259B1636243CE78BCEEAC68AF77E3F8D7927C20C93F26796A5F349BCF0C00309CFA5F30584BF2E424AF4DB27B921F2779786775ECCE1879EE3F527855920F26795CDF518691660000FAF537E2F549FE2C9D291D13DB7246AA7E2643BD5CB9FDD3598EE4DC6E388F66F3575C02004009E4AADB8C87A4F382C28F2759DC6DCBE64C06ED4C457A59DFEFC4247F9FCEBACD6528DEF40C0000B645BBAF2FAF496749E34BB3F972C7D356F13371A4D04EB220C9DF24F9DB247B748F1C9AB182060000DBAE2C593C9A64DF247F98E457497E94B141D9690BE8E98EE7B29CC87E49BE94E4944CBE283600006C8FB2F8C4C22427747BF31B195BAD6D5A027A3A477D9BDD238263927C2EC941191B6D06008041A83236EFF9DB494E4EB226D3F442C2E98AE712CE2FEB86F3A25849030080E9530669AF4AF27B4956F535E9AC8EE77221FF28C967FAAA5F3803003013017D6B929724F9D9A0037AD0AB5C940BF7C7493E9BB1B928C2190080E9565E6FF7B824FF95E4F06E9B0EAC456B03BEB0A349DE94E49FBAD15C8BD5340000985965D6C31D495E94E4C60C680EF4A0C2B684F36B92FCDF58BF190080D911D03724794192BB32362B62A7C673FF8B03BF9CCE2B1E8D380300B0B39539D0972579719207BB8D3AE580DED1F91F65F8FBC8245F4F679DBDC4883300003B5FBD1BD0FB273934C9B9D9C135A01B3B7861DAE99CD9E5DB49F68917070200303B03FAB074469DBF9BCE68F494469FA71ABA653E733DC9F9499E1ECBD10100303BD5BAAD7A6C922B935C9B298E404F757A4599AEF1BEEE8518E81220000030E078AE7763F953490EE8B66C7D2A3F68AAE1FCDBE9CC732EE1EC05820000CC6665A6C47F27F98D8C4D43DEE611E8ED1D2D2E81BC77926FA473DA6D4BD201003017D4BB017D503A2B6F5C94ED9CBEB1BDA3C565D4F9FF4BF28731CF190080B9A5EA6E1B931C916455B663F9BAED19312EE1FC72E10C00C01C55EBC6F36E49FE2EDB798E92C676FC92245992E4AB49F698F0710000982BCAF48D27A67306C22BB38DD337EADBF10BDA49DE9EE4B199E2AB13010060962823D067A633305C46A0B76A5B469ECBB21E8724F974F77BEA31EA0C00C0DC8EE77692C7A4F3E2C11F641B469FB72580CBA8F37F263931E63A0300303F94170FAE4DF2942477E6115E3CF84811DCE87EF3B3927CA8FBC385330000F34109E54775DFFF56C6665D6CF11BB6A68C3A7F2DC94B63D4190080F9A5DD6DE275490E4DF2CB6C65F4796B2FFA2BA3CECF49E76C82ED7891200000F34B192C7E7492FF278FF0C2C1ADC57019AEFE8B8CBD1AD18B040100986F4AEBBE299D1710B6B6D4BD5B8AE7F24AC3C3921C1F739D010098BFCAE8F3BE495EB5B54E7EA491E7372559D8AD6F000098CFAA246FE88BE9CDD4B6F0B12AC95E49AE4BB2742B5F0B0000F34579F1E00B33B6EEF3B841E4C9469ECBF48C577603BA2D9C01001802E5357EAFDFD2174C16CFA5AEFF30DB707E6F000098274A1BBF349DD9179BBD70B03EC93754E99C61E5D95B096C0000986F6ADD605E9AE425DD8F351E299E93E40F3236C7C3940D0000864995E4A4EEFBED89753DF1DF8D243F4D72789C18050080E10BE75A9207923C31C95D195B50635C18F74FD938ACFBBE7006006098945373EF91CE99B6C735F3C4784E9213BAEF5BDB19008061D44E6720F9B8899FE88FE732BFF9A57DD50D0000C3A6DE6DE11764C25ACFF5BEB75592C72779EA24610D0000C3A20C221FD2DD7A6D5C9FF005CF4EB25BACB20100C070C7732B49339DD1E7CDE2B938B6FBD6C95100001866A5878FEBFF77BDAFAC1724796E7F590300C0902A274779763A2B6FB492D44A3C27C981490EEEBE6FCA060000C3ACACEDBC5F3A4B392749BD9EB151E623D399D761BE3300008CADB2716809EAFEE9194777DF9AEF0C000063CA6A74A967EC7CDD259E8D3A0300C0581797691BED12CF8B93AC10CF0000B0593C1F9464F712CF496722F4BEDDF7ADB4010000635DBC3CC963FB3FF0C48C9FC201000074FAB891E449FDF17C68DF27010080F17DFCE4FE787E52F7ADF9CE000030A636593CEF6FBF0000C016E3F9F1259E6B49F699F049000060CC5E499AF5248FEE6EE2190000C62B7DBC38C99EF5247B275962BF0000C0162D49B2573D9D21E84513CA1A000018EBE3DD932CAD2759D6FDA065EA00006073A593F7A9C74A1B0000B02DF66FF6C573657FC0E46AB55A6AB55A1A8DC6B88F57559556AB95AAAA66CD65ACD7EB6387C9ED76AAAA9A3597AFD168A4561B3F3BACECBF9D7D19FBF75FB98C5555A5DD6EA7DDF687B9F9FED84E32EEB13351B90FCC96C71330E3CA037F797F3C031394902A81B7A5886A341A5BFDFC745FC67ABD9ED1D1D12D5E8666B3B9D322B07F1F8E8E8E6EF1EB9ACDE6563F3FDD51BFB5FD572EDF6C395062C70FE0FA0F8CCA6DBA3D8F8F66B3D9FB99B3E5001098118F6D666CA50D2F16840941DC6AB57AFF3EE4904372D4514765D9B26559B8706156AF5E9D952B5766E5CA95BDAFABD7EB3316A865C4AC3F8A172F5E9CE5CB97679F7DF6C9BDF7DE9BD5AB5767CD9A35BD289DC9CB37D9EF3BEAA8A372D4514765BFFDF6CB860D1BF2F39FFF3C175E7861EEB8E38EDE659CB8DF67E2362EBF7BF9F2E539F4D043B37CF9F28C8C8CE4D65B6FCDD5575F9D75EBD6ED94CBC7601E238D4623232323A9AA6AD203B4850B1766EFBDF7CEA2458BB278F1E22C5EBC388B162DCAA64D9B72FFFDF7E781071EC8FDF7DF9FB56BD766EDDAB54932E9CF59B060C1ACFA6B1430D8FF52BA6FF74C92FF496728BAD57D6BB3D9BADB6EBBED567DF0831FAC7EF5AB5F555BF2D0430F55FFF22FFF52EDB5D75EBDEFABD56AD37AB9FA7FFED2A54BAB8F7CE423D52DB7DC32E9E5BBEDB6DBAABFFBBBBFAB962E5D3A6397AF7F5BB26449F50FFFF00FD5A64D9BB6B80F57AD5A55FDC11FFCC14EB97CBBEEBA6BF5BEF7BDAFBAE38E3BB678F9AEBFFEFAEA4D6F7AD34EB97CB6EDDFEAF57AB560C182493F77C41147546F7DEB5BAB73CE39A7FAC94F7E52DD7BEFBDD5F6D8B87163B56AD5AAEADBDFFE76F5C10F7EB03AE18413AAC58B174F7A199ACDA6FB8ACD367FB6D2C9DF4F921F8A679B6DF3283AE59453367BE21C1919A9366DDA546DDAB4A91A1919D9ECF37FFEE77F3EED81D5FF73CF3CF3CCCD2E43BBDDAE464747AB76BBBDD9E7DEFDEE77CF68009E74D249DBB50F7FF4A31F558B162D9AB1FD77EAA9A76E76F95AAD56353232528D8C8C54AD566BDCE7EEB9E79EEAE8A38FF65899A58FDD66B3B9D9C757AC5851FDF55FFF7575F1C5173F6218B7DBEDDEE3A7D56A55AD56ABF7589AECF1D4EFF6DB6FAFCE39E79CEAC4134FDCECBEDB6834AA7ABDEE76B2D9E6473CFF3049568A679B6DFCF6918F7C645CEC4D8CA889B1D53FAAFAB9CF7D6EDA02B5FF09F8B2CB2EEBFDCE4D9B3655AD566BB327F876BBBDD9E5FBAFFFFAAF1909E8B7BFFDEDE3F6E1D6E2A33FF6376CD8D01BC59FCEE0F8D77FFDD76DBA8DCB3EEC0FFDD7BDEE7546A06751344F1C655EB1624575C619676CF1AF31E5C0ADDCEE8F14C693DD17CA41E0E8E8E8A45F7BFEF9E757BFF33BBFB3D9E35744DB6C733E9E5726C975DD7FB4ED18DBB0FFA93749F5B6B7BD6D5C186FAB326255555575F6D9670F3CAEFA7FD60F7FF8C36D8AD22D5DBECF7FFEF3D3B20F1B8D4695A47AE94B5F3AA57D5822FF8E3BEE98D6C02F23F62586B6557F403FEF79CF1B779D6D33BF4DDCF7C71F7F7C75E9A5976E3196B7F5B1B2BDFA0F5227C6F4C68D1BABB3CE3AAB7ACC631E33EEFF1A075E36DB9CDB4A275F97243F17CFB661DFCA9F7B9FF4A4278D7B429CEA93687F5C4DF6A7E41D89FB33CE38635C686EAFF2E47ED249270D34FEFA63A0ECBBED09D38901FDB18F7D6CA0A3CFE57678FAD39FBE43B771FF7532077AE71EE896ED8FFFF88FABDB6EBB6DB3FBD154EE7F838AE9C962FDDFFFFDDFAB030F3C705CFCBBEFD86C732E9E7F9E24ABC5B3CDD6D9CAA8D564F399B77774F2E69B6F1E782CECB9E79E3B147EFDF177DF7DF74DCB01C8BBDFFDEE71913E95F028CA0BB17634A0FB03E5861B6E18D86DFC810F7CC0E8F30C4FD1E8BF2FBCFCE52FAF7EF9CB5F6E16ADB3C9C46953555555FFFCCFFF5CEDB2CB2E5B3C18B0D96CB33A9E5727C9AFC4B3CDA873679EE4209F30ABAAAA8E3DF6D8818C3E97399D65BAC154479D2706EACB5EF6B2818E8E27A9EEBEFBEE298F3A4F1C7D7ED7BBDE35EEFAEFE86D7CD861870DF4F635FABC73469B0F3DF4D0EA924B2ED9E6D725CC0613C3BEDD6E57A79D769A80B6D9E65E3CAFA927D92D1DD679662895B38BBDFAD5AF4E928C8C8CECF0CF2CEB00979FB9A397AF5CA6934F3E3949363BD3E1F62A6BD49E74D24903D987E5CC6CFBEFBF7FF6DE7BEF711FDB91DBE495AF7CE5B8CBBBA33FEF8FFEE88F06721BD7EBF5DE3ABEC71C73CC406E13B6ACD168F4D60B3FEBACB372EDB5D7E659CF7A56EF4427CD667387EE6F33F5FF4CB3D9ECAD035DABD572F6D96767D5AA5539F8E0837BD76FE2193881D9F330EEBEDDA59E6417FB83610EE71266BFFBBBBF3BB027AF1252279C70C20EC75FB93CBBEEBA6B1EF7B8C70DE43296CB77FCF1C70F244E4BB81C75D45103F979E5F21D71C4114992AAAA76288ECAC1CC8B5FFCE281DDC6D371BF61CBB7DFF2E5CB73D55557E5ED6F7F7B6FFF4F3C1DFD5CF93FA79C91B4D56AE5A0830ECA8D37DE98B7BEF5AD03B9AF03D36ED77A128F52865A19417CFCE31F3F2E0477F4093249F6DE7BEFECB6DB6EE38270AAF6DB6FBFCD7EFE8E5EBEA54B970EE46796EFDD77DF7D077EFBF45FEF1DBD8DF7D9679F81DDC645B9DF38A3DCE023B378ED6B5F9BDB6FBF3D871F7E78EFEC7DE5F4D873F9FAF59FADF2A31FFD68FEFBBFFFBB77564E7FC98059CBE12D144B962C1948984EFC198B162DDAA1B82AA1F7D8C73E3649067E6AE83DF6D86360D77BD9B2650309C95AADD6FB19259EA71ABCFD3FABFF606150B771B9CE3379DAF3F9FFCC34362DE6CC33CFCCBFFDDBBFF5EEFB8D46635E8DF29751E876BB9D638F3D36AB57AFCE3EFBECD3BBAEC02CFC3FCA2E6098F54F8918B412B965347647473B77D965978145EE64F13C080B172E1CD8CF2A31BAD75E7B0D34CA06AD04B991E7C1DD46E5B6FF8FFFF88FFCE55FFE656FFFCED7982CD34F5AAD56F6D9679FDC7EFBED39E28823D26AB54CE100F10CC317E68F7AD4A306F2F3A62BCE06F9730739FA5AF69F281DCE70BEE8A28B72CA29A7F46EFF6198535EA671349BCDAC5CB9322F79C94BD26EB705348867182EFE9C0FDB17CE3FFCE10FF39CE73CA7B72AC530E95F59E4820B2EC8F39FFF7C73A0413C03C0985AADD60BC6AF7CE52B79E6339F99D1D1D1A10DC6FE0389EF7FFFFB79CA539E620A0788670018FF82CE4F7FFAD379D9CB5ED69BBA30D44FCE7D017DE59557E680030E308503C43300E2B9332DE31DEF78474E3DF554531426047479E1F135D75C93A4330DCC9AE2209E011842657EEF339EF18CBCFFFDEF1F17D38CEDA3D1D1D12C5AB428DFF9CE7792745E446B3F81780660989E7CFA46552FBCF0C2244655B7A4D96CA6DD6EE7B8E38ECB69A79D668780780660D894F9BCDFFDEE77B3DB6EBB7941DC23280715679F7D768E38E28879BDEE35886700E853A2EFD4534FCD8B5EF422F39CB7319EFB0F38920CE5527E209E0118BA082CD3353EFDE94FF73EC6363C61D7EB191D1DCD9E7BEE9977BEF39DF61D88670086219E93E4539FFA5412A3A7DBAB8CD09F71C61959BC78B1E5EB403C03305F9517BEAD58B122AF7FFDEB3B4F42C26FBB0F3ECAC8FDB9E79E9BC4594C413C03302F8D8E8E8E8BBED1D151A3CE53D068345255558E3FFEF81C75D451BD0313403C03304F94B87BEA539F9AA73FFDE9826F0795D1E78F7EF4A3E30E4C00F10CC03C8ABD0F7FF8C349929191113B65000723CF7DEE73F384273CC1C108886700E6CD134DBD9EAAAAB26CD9B2FCE66FFEA6D01B907200F2A10F7D2889B9CF209E019817CABCE633CF3CB3177DE63AEFB87200F28A57BC224B972EB5F206886700E6433897291BAF7DED6BC7451F3BBE6FCBE8F3DBDEF6B62471B21910CF00CC6525947FFFF77F3F89759D07ADC4F2EB5EF7BA2446F5413C0330A7955520DEF4A6372549AAAAB25306F924DE9DA6B1EFBEFBE6494F7AD2B8A006C43300732CECAAAA4AA3D1C871C71D27ECA64999BAF18637BC21895376837806604E2AA17CCA29A7F4224FD84DDF7E3EF5D453ED6710CF00CC5565E9B4D7BCE63576C6743E9177A76EECB9E79E79E2139F382EA801F10CC01CD0BFCAC6739EF31C4137CDCAD48DDFF88DDFE8ED7F403C033087E239490E38E080ECBEFBEE826E86F6F74B5EF292244E9802E2198039A58C321F7BECB149CCC39DF627F3EED48DE73DEF79492C0908E2198039A52C49574EC7CDCCC4F392254BB2DF7EFB2531D20FE2198039A3ACEFFCC217BE3089F9CE33B9CF5FF082178C0B6A403C03308B95506E369B59B66C5912A3A033A18CF61F7DF4D1F639886700E65AC4EDBBEFBEBD7F0BB999B362C58A71B703209E0198CD4F2CDDE902071F7CB0889B41E500A5C47399C601886700E640C41D7AE8A1492C9B3653CA7499830E3A68B3DB0210CF00CC72871D76581223CF33ADD96C66D1A245E219C43300734139B36099B621E06646AD56EB1DA83CE1094FE83CC95B7103C43300B35B09B8A54B97DA193BE9C0E5318F798C9D01E21980B914CF65EA0033BFEF9D121DC4330073407FAC9578367560E6397001F10CC01CB3C71E7BD8093BC992254BEC0410CF00CC258F7AD4A392586DC3810B88670078440B162CE83CD198B631E38C3C83780600B6D1AEBBEE6A2780780600B685A932209E0100403C03008078060000F10C0000E219000010CF0000209E0100403C03008078060000F10C0000E219000010CF0000209E0100403C03008078060000F10C0000E2190000C4330000209E0100403C03008078060000F10C0000E2190000C433000088670000403C03008078060000F10C0000E2190000C433000088670000403C03008078060000F10C0000E2190000C43300008867000010CF00008078060000F10C0000E2190000C43300008867000010CF00008078060000F10C0000E2190000C43300008867000010CF0000209E010000F10C0000E2190000C43300008867000010CF0000209E0100403C030000E2190000C43300008867000010CF0000209E0100403C030000E2190000C43300008867000010CF0000209E0100403C03008078060000C43300008867000010CF0000209E0100403C03008078060000F10C00008867000010CF0000209E0100403C03008078060000F10C0000886700009882A65D0033A356ABA556AB4DE9FB66E448BA5E4F5555F372FFCDE6EB05807806265155D594226EA6C2AFDD6ECFCAC82CC13CD5FD07008364DA064C632C27C9BA75EB9224A3A3A353FA39E5FBD6AE5D3B2D315D7E6EBBDD9EF2CF18191949923CF8E08303DF7FE5F24D75FFF5EFAF871F7E78460F4800987F8C3CC33469341A4992AF7DED6B79F0C107B3CB2EBB4C29DA6AB55A366EDC98254B968CFBB93BA27FFAC3E5975F9E56AB9566B339E5A8ACD56A59BF7E7D1EFFF8C777FE63693607B6FFCE39E79CAC5DBB7687F65FBBDDCEA64D9BF2E8473F7A60FB1000F10C4C83830F3E78565FBEC30E3B6CE03F7390F3B44B900380788621D06AB506324DA056AB4DCB88E9A02E5FD219D11DF40B1C0779F90631220E807806A6D16C9F22E0F201C0B6F38241000010CF0000209E0100403C03008078060000F10C0000E219000010CF0000209E0100403C03008078060000F10C0000E2190000C4330000209E0100403C03008078060000F10C0000E2190000C4330000209E0100403C03008078060000F10C0000E2190000C433000088670000403C03008078060000F10C0000E2190000C43300008867000010CF00008078060000F10C0000E2190000C43300008867000010CF00008078060000F10C0000E219A64555554992871F7ED8CE0000C4330000886718B08D1B372649DAEDB69DC136737F0110CF30941E78E0812449AD56B333D8666BD7AE75BF0110CF307CD6AC596327B0CDCA7CF9FBEEBBAFF39F69DD7FA700E2198620809ACD6692E4861B6E4892B45A2D3B866DB66EDDBA24469E01C4330C89123DD75E7BAD9DC176FBF9CF7F6E27008867183E575E79E5B898866D39E8BAECB2CB928C4DE300403CC3BC56A2E79A6BAEE93C28CC5D651B94E93EE57E63D50D00F10C43A1CC715EB972652F9E8D22B22D075C4972DB6DB76DF63100C4330C45089580F6A241B6E580EBE28B2F76C005209E61F82C58B02049F2F5AF7F7DB3A0862D1D707DE94B5F4A92341A0D3B05403CC3F0C5D037BFF9CD2463F359616B075B5FFBDAD71C6C018867183EE5CFF0FFFBBFFF9BAAAA52ABD50411932A2F0CBCF7DE7BAD0D0E209E61385555D5FBD3FB673FFBD924C9E8E8A81DC3160FB43EFEF18F27E98C423BD00210CF3074CABABD7FFFF77F9FC4D40D263FC82A5336CAFD4438038867184A6544F1F2CB2FCFBA75EB52ABD5ACDDCBA4F7918B2EBA286BD6AC49AD56F3170A00F10CC3A97F54F1031FF840EF635094BF469C76DA6949ACB201209E61C89551C40F7DE843BD3832FA4CFF7DE3CA2BAFCCA5975E3AEE63008867184A5555F546178D3ED3AFDC2FDEF296B78CFB3700E219865A99D7FADEF7BE374967F45940BB4F24C965975D961FFCE007E63A038867A028CBD68D8C8CF4E6B68A67F7872439F1C413938CADCC028078063276228C8F7CE423B9F5D65B53AFD78D340EF97DE1C31FFE7056AF5E9D7ABD6E1E3C807806FA4D36DAD86C368D400F6138371A8DDC7DF7DDF98BBFF88BDE7D0300F10C4CD06AB552ABD5F2D39FFEB477420C238EC3750055AF77FE8B7CEE739FDBF90FB35E17CF00E21978246F79CB5BF2B39FFD2C8D46A3F7E23186E7B65FB56A95650B0110CFF048FA471F9FF5AC6725B1F6F33068B7DBA9D56A39FFFCF3FDD50100F10CDB1B52F57A3DEBD6ADCB71C71DD779E0F8F3FDBCD56AB552AFD7F3E31FFF78DCEA1A6E6F00C4336C67407FF7BBDFCDC9279F2CA8E6F1EDDC683472E79D77E6A8A38E72A0048078861D09AB5AAD9673CF3D377FF2277F22A0E79932E2FCAB5FFD2A871E7A682F9C4DD700403CC3145555955AAD964F7CE213F9B33FFBB35E400BACB96D7474348D4623AB57AFCEFEFBEF9F75EBD6096700C4330C2AA093E4631FFB585EF9CA57761E484EA232676FCB76BB9D66B3991B6FBC318F7BDCE3B261C3062F0A05403CC3A0D56AB57CE94B5FCA739EF39C249D93A8B4DB6DD338E688320DA75EAFE7CB5FFE729EF8C427F646A02D4708807886012B53382EB9E492ECB5D75EF9D18F7E947ABD9E5AAD66147A961B1D1DED2D4178FAE9A7E7E52F7F79E73FC47A5D3803209E613A03BABCC8EC98638EC95FFDD55F25193B95B73FFDCFBE682EB7CF9A356BF2FCE73F3F679D75561273D70110CF3023CA327649F2DEF7BE374F79CA53F2939FFCA437256074745494CD82DBA84473927CE2139FC8D2A54B73E18517A656ABF50E8400403CC30CC55989E5ABAFBE3ACF78C63372CA29A7E4FEFBEF4FB3D9ECAD153C3A3A2AD26648D9DF497A0737575C71458E3EFAE8DE52838D46C3ED018078869D156BFDA3D0E79C734E962C59923FFDD33FCD5D77DD955AAD9666B3995AAD969191112F2E9CC6DB606464A4B7BF93E4861B6EC809279C90238F3C32975F7E796AB55A6AB59AF9CD008867D8D9CA148146A39124F9F8C73F9E65CB96E5A4934ECA15575C912459B060C1B81717F6C7B4A0DEFE581E1D1DCDE8E8686FF47FC182054992EF7DEF7BF9EDDFFEED1C72C821F9FAD7BF9E646C3EBAFD0C80788659A4D56AA556ABF542EE0B5FF8428E3CF2C82C5FBE3CEF7CE73B73D34D37F562AE3FA6FB83BA6C250E87D5C4FD313232D25BEDA45EAFA7D96CF6469957AF5E9DF7BFFFFD59B66C598E3DF6D85C70C105BDFD5C7E16004C552D89E11798EE075AAD9646A3B159B82D5BB62CCF7BDEF372C20927E4852F7C61F6DF7F7F3B6B3B3DF8E083B9E4924BF2C52F7E315FFFFAD773C71D776CB6DF5BAD9691E619BCAF977DDDFFB6BC3093E935323292050B16E4ACB3CECAE9A79F9E050B16646464C48E81016ADA0530FD26BE78ADD1686464642477DE7967CE3BEFBC9C77DE79BDF078C2139E90830F3E38871C7248962F5F9E458B16658F3DF6C8EEBBEF9E57BCE21543B5CF4A709D7BEEB9D9B06143D6AE5D9BB56BD7E6D65B6FCD35D75C93ABAEBA2A1B376EDCEC7B172C589056ABD59BD20100E219E6A876BBDD9B175DAFD77BD335CA54849B6EBA2937DD7453BEF5AD6F6DF6BD1B376ECCC2850B876224AFDD6EA7D168E4CE3BEFCCC9279FBCD5AF2D07246584D9481B00E219E6794897182E530D92B1D1D712850B172E1C9A7D53F6C7EEBBEF9EA4F302CCB29249D937E54596FDFB1100C4330C81FEF9A1FD21D83F877498F74B998661EE32003B93D5360000403C03008078060000F10C0000E2190000C433000088670000403C03008078060000F10C0000E2190000C43300008867000010CF00008078060000F10C0000E2190000C43300008867000010CF00008078060000F10C0000E2190000C43300008867000010CF0000209E010000F10C0000E2190000C43300008867000010CF0000209E0100403C030000E2190000C43300008867000010CF0000209E0100403C030000E2190000C43300008867000010CF0000209E0100403C03008078060000C43300008867000010CF0000209E0100403C03008078060000C43300008867000010CF0000209E0100403C03008078060000F10C00008867000010CF0000209E0100403C03008078060000F10C0000E219000010CF0000209E0100403C03008078060000F10C0000E219000010CF0000209E0100403C03008078060000F10C0000E2190000C4330000209E0100403C03008078060000F10C0000E2190000C4330000209E0100403C03008078060000F10C0000E2190000C433000088670000403C03008078060000F10C0000E2190000C43300008867000010CF00008078060000F10C0000E2190000C43300008867000010CF00008078060000F10C0000E2190000C43300008867000010CF0000209E010000F10C0000E2190000C43300008867000098739A760100D3A5AAAAB45AADD4EBF59DF2BB1B8D861B0110CF00CC0DB55A2DCDA6A71A403C03C016351A8DDC76DB6D59B870615AAD566AB5DA8CFEFEAAAAB271E3C61C78E0816E0C403C03303B5555952469B55A39E0800376FAE579E8A187B2DB6EBBA5AAAA190F78607EF2824100E6AD5D77DDD54E0006CAC83300D362678DF4D66AB5B4DBED9D7A1900F10C00DBA54CE100984F4CDB000000F10C0000E2190000C43300008867000010CF0000209E010000F10C0000E2190000C43300008867000010CF0000209E0100403C030000E2190000C43300008867000010CF0000209E0100403C030000E2190000C43300008867000010CF0000209E0100403C03008078060000C43300008867000010CF0000209E0100403C03008078060000F10C00008867000010CF0000209E0100403C03008078060000F10C00008867000010CF0000209E0100403C03008078060000F10C0000E219000010CF0000209E0100403C03008078060000F10C0000E219000010CF0000209E0100403C03008078060000F10C0000E2190000C4330000209E0100403C03008078060000F10C0000E2190000C433000088670000403C03008078060000F10C0000E2190000C433000088670000403C03008078060000F10C0000E2190000C43300008867000010CF00008078060000F10C0000E2190000C43300008867000010CF00008078060000F10C0000E2190000C43300008867000010CF0000209E010000F10C0000E2190000C43300008867000010CF0000209E0100403C030000E2190000C43300008867000010CF0000209E0100403C030000E2190000C43300008867000010CF0000209E0100403C03008078060000C43300008867000010CF0000209E0100403C03008078060000F10C00008867000010CF0000209E0100403C03008078060000F10C00008867000010CF0000209E0100403C03008078060000F10C0000E219000010CF0000209E0100403C03008078060000F10C0000E219000010CF0000209E0100403C03008078060000F10C0000E2190000C4330000209E0100403C03008078060000F10C0000E2190000C433000088670000403C03008078060000F10C0000E2190000C433000088670000403C03008078060000F10C0000E2190000C43300008867000010CF00008078060000F10C0000E2190000C43300008867000010CF00008078060000F10C0000E2190000C43300008867000010CF0000209E010000F10C0000E2190000C43300008867000010CF0000209E0100403C030000E2190000C43300008867000010CF0000209E0100403C030000E21900E6A55AAD662780780644006C9FAAAA86F27AB75A2D373E88676074743449D26EB787E63A6FDAB4C90DCF946DDCB871E81E3349F2C0030FB8F1413C030F3DF45092E11A8DDDB06143EF3A0FEB28223B1E91C3F6178C75EBD6B9F1413C032524874119297CF8E18787327E98BAFE83AC611D81BDFFFEFBDD11403C03252487893F3F3315E5606BCD9A35E30EC686E57ADF77DF7DEE04209E61385555957ABDF350BDFBEEBB872A0492E417BFF845E73FABBAFFAED8768D46234972C30D37F41E47C374BD6FBDF5D6A1BADE209E81F10FD46E380E530894EB78F5D55727316D83ED53EE2FD75E7BED501D6897EB5DFEAFB0EA068867100243769D4B04C0540EBEAEB9E69AA139F82AD779FDFAF5191919712700F10CFCEC673F1B9AEB5AFEFC7CE38D378E0B03D816656AD3CA952B9324CD667368AE73F96B4DBD5EF7B801F10CC3A9FCE9F5F2CB2F4F922C58B0605E3F29F6FFF9F9C73FFEF1B830806DBD0F25C92DB7DC92F5EBD70FC57DA85CE7EF7CE73BE30E4001F10C431B02BFF8C52F7A21309FE3B91C2C5C7FFDF54379621806F39829F1F8831FFC6028EE43E5FA5E70C105F3FEFF0810CFC03687C045175D342E30E7F3C142899E050B16B813B0FD4F70DD17DA7EF5AB5F9DF731D9BF2ACF25975CE28013C433303104E6F3D26DE5BA7DE52B5F71C33365E500F3F39FFF7CEF206CBE0674B9AE175E7861DAED766AB59A788669524BE2EF3A304782B2DD6EE7D18F7E74EF0408FD7383E78BFEEBD4FFD69FA099D2935CF7BE73D96597E5E8A38FCEC8C8C8BCFC4B46ABD54AA3D1C849279D942F7CE10B69369BBD294FC0809F8FED02981BCA68D2DAB56B7B2B08CCC7A91BE53A7DF9CB5FEE1D340867A6AAACB2F18FFFF88FE30EC8E6DB016799D6F5852F7C61DEFEDF00E2199872087CF2939F9CB7215022E09FFEE99F7AF10C5355465F3FF399CFA4AAAA349BCD79379DA15CC7CF7EF6B3BDC790034E983EA66DC05C7AC0F64D5FE87F3B5F22BADD6EA75EAF67CD9A3559BA74A91B9C811D748E8E8EE63DEF794FDEFBDEF7F6A638CC37FBECB34FEEBEFBEEDE142F607AD493981405734419394B92BFF99BBF49927935AFB11C10BCEB5DEF4A62950D0677509624EF7BDFFB92CCAF91D9323DE3AB5FFD6AEEBEFB6E2F1484E9375A4BF2409245F605CC9123DEEEA8D2A2458BF2C0030FF4A273AE8F3E9751E7FE25B7BC50904169341A69B55A39EDB4D372F6D967F7EE6F73FD60B33CEE972D5B96BBEEBACBA8334CBF07EB491E2E8F43FB03E64E643EF8E083F9F0873FDCFBD85C5722F98D6F7C632F768433837CDC249DBFD8DC76DB6DF32232CBA8F3073EF001E10C33F034D57DBBB196E4F624CBBB1FACD93730FBF58FC86ED8B021BBEEBAEB9C1E491B1D1D4DB3D9CCCD37DF9C830E3A68B3EB088350469F9FFAD4A7E68A2BAEE81DB4CDC5BFDA94C7FB7DF7DD973DF7DCD3630666269E6B496EEF1F7906E6CA23B86F69AA934F3EB9F7C43957AF4B99C7FDF297BF3C49E7055E2280416BB55AA9D56AB9F2CA2BF38E77BCA377FF9B8B8F9972A0FCEBBFFEEBBD03038F1998111BEB4936F615353087422049CE3FFFFC7CEE739F4BAD569B936BBB9627FCF7BCE73DB9EAAAAB52ABD59CDC816977E69967E67BDFFB5EEAF5FA9CBDBFBDF9CD6FCEB5D75E3B671FFB30D79EAE4A3CD792FC24C9D392B463DD679853FAFF4C7BE79D7766DF7DF79D53CB7095CB7AD96597E599CF7CE666D709A6FB7173E38D37E6E0830F9E338F9B32CDE4539FFA54DEF8C6377ABCC0CC299DFC63D336602E1F06F7FDF9F6E94F7F7ADAED761A8DC69C78D15089957BEEB927CF7EF6B393389B2033FFB859B162456EBFFDF6DE7CE8D9FE98A9D56A39F7DC737B2FAC0566DCB8691BC05C3C14EEBE70E8CE3BEFCCE1871FDE8BD0D91C02259C376EDC98152B56F4AE83950298C9C74D19693EF8E083B36AD5AADE81E76C3B802B97A7D168E4BCF3CE1BF73A07079BB073E2797D797CDA1F30B743E0BAEBAECBB39EF5ACDE13ED6C9CCB59C2F9E1871FCE8A152BB26EDD3AE1CCAC3888FBF6B7BF9D7ABD3EAB4E3452469B93E4FDEF7F7F5EF5AA570967D849C7B1DDB7EBEB4956DB1F303F42A056ABE5D24B2FCDC1071F9CF5EBD7A7D96CA6D56ACD8A27D9AAAA7A917FCB2DB7E4D77EEDD7E6CD7ABBCCEDC74D99C2F15BBFF55BBDB31096BFDEECACC74E19012FA3E3A79C724AEFCC9BC21976AA3BEB496EEBFEC31ACF30D70F8BBB4FB637DD7453962F5F9E952B57A6D168ECF4152C4AD8D7EBF57CF39BDFCC81071E98071E784038332BB4DBEDDEE8EEBBDFFDEE3CED694FCB1D77DC31EEB13353B1DA6EB77BD3986AB55A2EBEF8E2ECBDF7DE39E79C73C63DCE8119573AF9B6FE7806E6813292B66EDDBA3CED694FCB19679C91646CEDE4998CD512EC65F4ECCD6F7E738E3FFEF82411CECCBA03CF5AAD9646A391952B57E6B18F7D6C4E3FFDF4DE63A72C07371D215D55554647477BD15CAFD7B366CD9ABCFAD5AFCE739FFBDCDC7BEFBDBDB5D0819DEEF62479713AF338DADDB7369B6D1E6CF57ABDF7FE939FFCE4EAD24B2FADFA8D8C8C54ED76BB1AB476BB5D8D8C8C8CFBD837BEF18D6ABFFDF6EB5D9E5AADE636B2CDDAADD168F4DEDF7DF7DDABBFFDDBBFAD366DDAB4D9E3676464A46AB55ADBFD386AB7DB55ABD5AA366DDA548D8E8E8EFBDCBA75EBAAD34F3F7D8B8F659BCDB6D3B6D2C9BF992447A6B3E28680B6D9E6D956ABD5C63DF1BEE215AFA856AD5A35EEC97AD3A64D3B1CD2A3A3A3D5C8C8C8662170F9E597572F78C10B44806D4E3E76FA233A49F58637BCA1FAE94F7F3AE963A0C470793C4DDCCAE75AADD6A4DF7FD1451755279E78E21623DE66B3CD8A6D533AE746C9FE49EE11CF36DB708C4227A95EFCE21757DFFFFEF7277D122F4FF4FD236BFD5B7F0C4C1C612ECE3FFFFCEA694F7B9AD133DBBC88E866B339EE63FBECB34FF596B7BCA5FAD6B7BE55AD5FBF7E4A079CF7DD775FF58D6F7CA33AF5D453ABC58B176F16CDFE3A63B3CDCA51E77B92EC5F4BB26B926B923C21CE3208F35AB3D91CF7C2C1254B96E455AF7A555EF39AD7E498638EC982050BA6F4731F7CF0C15C7CF1C5F9CC673E932F7DE94B191919D9E2EF84B9A856ABA5D96C8EBB6F17CB972FCF61871D96152B5664C58A15D973CF3DB3E79E7B66B7DD76CB030F3C90F5EBD7E7EEBBEFCE75D75D979B6FBE39575E7965EEB9E79E491F9FB365751C609CD2C7372739BCBC72F047498E12CF301C1150CEA636F149FAD0430FCDF39FFFFCAC58B122871F7E78962F5F9E458B1665F1E2C5A9AA2A6BD7AECDFAF5EB73EBADB7E69A6BAEC9F5D75F9F1FFCE007B9F9E69B27FD1DA299F9A85EAFF74EA8B22327236A341ABD25F1BC7816E6443C5F9EE4E812CFE724F98324AD240DFB08862B0206F1E45D42602697F582D970305A96617CA4F597CBE7CB1ACE1E273067943E3E3FC98965ED9BABBB6F3D9261980EA5BB6BCAF647405956AE8C4CF73FC197B57027FBBA56AB35AB4F090ED3A13C468C1CC3FC7EA877DF5E9324259EAFEABE35650344C056BFA6BC150B000C893253E3EAFE58BE2E9D2169F10C000063CA94E66BFAE3F98E8C9D69D0701200008C75F15D497E51E2B99EE4A124ABBA9F34EF190000C6BAF8A624EB92D44B3C27C995E2190000365316D7A8F7CF71BED27E0100809E32A87C45F9407DC207DBB1CE330000A4AF8B7BCB3AD7333611FA9A2437A4B31C87170D020030CCAA6E17DF996465F763ED32F2DC4C3292E47FCA27EC2F0000865839F3D745491E4877C646BDAFAC93E4DBDDB7D67B06006098D526EBE389F17C49BACB70C4AA1B00000CA72A9DF9CE9B927CBFFBB1767F3CB7BBEFDF95E447FD5F0000004318CF49E78582ABD2F79AC0FEE919E5FDEF4CF82600001826ED6E0B7F371356A3AB4FF8A212CF552C590700C070AAA733DABCD9A0F2C478AEA573B294ABBAEFB7EC3B0000864899CEFCCB2497F67D6CB3784E3AA3CD2349CE9B58D900003024F19C245F4FB2B6DBC7D596E2B97CF117D37975614340030030444A1F9FB3B54FF6C7733DC9F5492E9C10D40000309F95165ED56DE1CDCEBC5DDF4A50FF73F71B6AF623000043A0CCB8F88F241B33C92C8CC9C2B87C6CD774D6B63BB0FB4DCE3A0800C07C0FE787921C9EE4966EFF3EE2C87309E50D493E9D4986AB0100609E6975BBF7CBDD706E4CD6C05B9A92514ECFBD6F926B923C3A469F010098BFCA7CE75F4F7251379E5B9345F2D6BEF9CE249F8AD1670000E6AF56B77DFF3BC9C5DDF7273DDFC9D65E0C58469FF74B725D9245DBF03D000030D79481E3E3D2392577634BF15CDF861F7247924FC6E8330000F34F1975FE7E379CB738EA9C3CF22872F9FCD27456DED83B96AF0300607EC5732DC98B92FC205B19754E1EF90580E54582F726797F2659AE030000E6703837D239BBF6238673B26D23C865A47961921FA5B3EE5D3B56DE000060EEAABADBC6244726B931DB304DB9BE8D3FB896E4E1246FE9FB450000305795C1E00F25B921DB38C3A2B11D65DE48F2F37456DF383AC9688C3E030030F794E91A5726796DB66370787B5EF857A66F2C49B232C901317D030080B9A5EA366C2DC90B92FC6FB661AE7351DFCE5F544B725F9237F4FD6253380000982BCAA8F3D9DB1BCEC9B64FDBE80FE8669255DDB72FCCD8DA78000030DBC3B999E49224AFC914CE633295F59A6B7DB1FCED24C7A633FFB9E9F6000060962A5335EE4FE7F57B37660ACB304F65C4B84CD768273925C94DDD70B6FE330000B351FF3CE7FFD30DE7C654FAB5BE0317A09EE497497E3FC98371FA6E000066A7325DE32F93FC67F7FDD6547E507D0017E2A7495E9DB1170E7A01210000B3C548B759FF25C907BBEF8F4EF5873576F0C2B4BB17E0BA24B724F9BD8C0D89D7DC560000EC44A3491624F9523AEB396FF71CE741C7737F40FF34C9AF92BC54400300B0938D74C3F98274A619B732803365370674E14A40FFB02FA093B1B5A1010060A69411E76F2579659287D31975DEE1E9C58D015EC876F7E75D9AE417497EA77B21AD030D00C04CA8FAC2F98B494E4AB2210398AE311DF15C2E7033C94F925C9DE48424BB74AF8480060060BA94386E26F9543A739C470719CE99A6A02D274CF9CF74CE175ED6811E759B0200300DCA4C877A9277257963C6A60F0F7429E5E99C8F5C8279BF24FF37C98BFB2EBC5168000006A10CDCAE4DF2FA740670CBFCE6812FA1DC98C62B52E640DF9FE473DD2BF1826EB09BC60100C08EB666E9D98B92BC3CC985D98113A0ECEC784EC6CE445825F96E3A2F267C4E92A5DD2B6C350E0000B6B72F5BDD8EADA573E293D724B93B333055B8314357B0D6FD5D3726F98F248F4E7254C646A1AD090D00C023E99FDB7C4D3A2F0AFCA7740665CB2A6FD3AA318357B6EAFEBEF549BE96E447499E9A6499880600E011A2B9D60DE40DE98C36BF2E9DB35C37FA5A73DA3566F88AF78F42DF90E433E94CEE3E32C91E221A008009D15C9AB596B1D36C9F93CE19041B9981D1E67E3B3350FBAFEC7E49FE22C9FFE94674D95975110D003054AA8C4DC3281DF8BF49FE3AC97F75FF5D5E1458CDF485DBD9615A86DF4B44AF48F227E90CC32F9970C421A40100E6AFB29844FFCC88EF26F9DB74A6FC961E2C5FBBD3E275369818D107A6330AFD47491ED7F77565893BCBDC0100CC7D6594B9D6D7771B925C90E49349BEBD8556DCA9D13A9B94302E4B8C2C49F2CA74961FF9F5BE9D5A962829A3D146A40100E6462CF74FCBE81F10BD299DB9CCFF9ECE6BE3665534CFD678EE8FE8DA841D756437A47F2FC9A113BEBECC7911D30000B32F98FB4F68D2EF9749BE99E4BC24FF93E4A1ADB4A078DEC6CB57CFD81C9824D925C931497E3BC96F2539229B4FE318EDFBFE5A4CF3000098E9502EF397FB7BB39DE46749BE9FCE7CE6FF49726FDFE79BDDAF69CFD62B38974668B77404F2D424CF4DF2C224CFCCF839D2997063B5337E64BA3607F70300C0CE0EE46AC2FB6529E2C9DC95E48749BE93CEE9B3AF9E10C78DBE56AB66FB959F8BD158EB0BE989A75FDCAD1BD34F49679AC753921C9464F976DE0926EE9BDA3CD86F00009335D096FE3D59133DD25FF37F95E4E674E62CFF34C915492E4B72FF84AF9B53C13CDF22B07F09BBC9E6C52CE9C6F3E1499EDC7D7B603AA7085F9264713A7F22000060EBDADD107EA0FBF6E67446927FD67D7B5B927BB6D26B55C60F5ACE39F36D04B53621A6B73667E65149F64EB2B4FB767992FDBBDBBEE99CAC6561925DD39967DDBF958F896E00602EDA9464E3846DE2C7D6A533E5E2F6247724599DCEFCE45F75B7B5DBD063650E74355F76DCFF0F49961335F45B24880000000049454E44AE426082, 0x89504E470D0A1A0A0000000D49484452000000C8000000C80806000000AD58AE9E000008734944415478DAEDDD6F4855671CC0F173D59AFD5933F185BD4EA74C586E710BD6D89BA6A225FD19B8396119B9122CC257BD9B4C8D214130EAC520961491D472AE35590C59102D71E034B6BD9E64060693957FF2DEEEBDCF9EE776B47BBDE778BDDEBFE79CEF0FBE38C6297B9E9E4FE75EAF7F346DF5E3926D977D2A6B97F5C87E978DCB9EC89EC966F5E6427AAE371F9247CFABF742CFA7E70F29E080FC31E633E84594BC2BCC63D27C0C3D3769CE20B3FF3F17729E8CFA573621FB5BF693EC6B5993AC4296A7A568726525B29F6582C842293C35B2FC64E168D6DF919FCD268BB67087FE319130AA64FFB1B964B33CFAC3B0B8E60A1B4936EFB790E7D42B9E1CD92FFAED884D24BB372D7B231624E020A735B5D20FDD5E010739B45FA301F9904D2287F7C57240F8681539BDE766383E677388827DB314C76B6C0A5158AF870229E11572A2B0B68702E9674388C21A0CFDD02E1B421459B602E26623880C7B4F0139C4461019D6A8807CC5461019D6A580DC6023880CFB410119B1F3225D2E177FD1267BC2DE446D54017962D743B061C30671F4E851D1D1D1210E1C3810F5D7ECDBB74F1C3F7E5CD4D5D545BD76F7EEDDA2ADAD4D9C387142E4E7E72F7B6D7979B968696911CDCDCDA2B8B8386D7B525454240E1E3C280E1F3E2C4E9E3C298E1D3B261A1B1BC5AE5DBB827B058888948DE03757B0E502D5040201B130172E5C30BDB6AFAF6FF15AF5F6C18307A6D7EED9B367F1F754D77A3C1ED36BABABABC5D2510735557BA00E7E4D4D4DD8FB0FDD13BFDFBFF8DFB76FDF165BB76E05C6AB948DE077B8B0DDE22E5FBE2C8CA6ACAC2CE25A7580420FCDC2D4D6D6465C9B9D9D1D76A816E6E2C58B11D7AE59B3463C7AF4C8F0CF91ECF567656505EF884B41441B9FCF271E3E7C088E97291BF65CDCAD5BB70C0F40575757C4B5478E1C31BCF6DEBD7B118FD30B0B0B83778CA5333737677A174B07903B77EE8878C6EBF58ACACA4A9EA7D87561FDFDFD867FF167CE9C89B8B6A9A969C540B66CD96208647676362380A83BC7DDBB7745A246DD85000210DB00E9ECEC8CE92155B4999F9F176BD7AE050840AC0FA4A2A242246B000210CB0331FAE041A2C6ED76030420D60562B686448D7AD80610805812887A627EE9D22591EC71E85D042076B883A462D46719000420003199EBD7AF030420D603B263C70E91AA0108402C07447D9A0B4000021093EEDFBF0F108000C4ACE1E16180000420000108400002108000042000010840000210800004200001084000021080000420000108400002108000042000010840000210800004200001084000021080000420000108400002108000042000010840000210800004200001084000021080580C487B7B7BC4B5EAC73E1B8DFA397F4BAF553F6DC908C8CCCC0C4000627D2099320001084000021080000420000108400002108000042000010840000210800004200001084000021080000420000108400002108000C4E2DDBC79132000018859D7AE5D0308400062D6B973E73216C7D3A74F010290F456505090B1404A4B4B23BE521120004979EA5FEA4C1BBFDF1FC4CB1D042069AFBEBE3EE380747575257C9D0001C8AA535F579E29333D3D9D9435020420AB6EFDFAF5C16FA890EE51DFE821D10FAD00029084F5F8F1E3B4E1F07ABDA2A4A424696B03084012D2C0C080080402293B4CEA7D8D8F8F277D5D000148C22A2C2C14DDDDDD493F4843434349BD6B000420494FBD1E515555157C5131DE3B8BFAF57BF7EE156EB73BF8BC2795EB000840925A6363634280A4EBCF0F10800004200001084000021080000420000108400002108000042000010840000210800004200001084000021080000420000108400002108000042000010840000210800004200001084000021080000420000108400002108000042000010840000210800004200001084000021080000420000108400002108000042000010840000210800004200001485A6A6D6D1567CF9E5DB6D3A74F030420CE04B2D2000210800004200001084000021080000420000108400002108000042000010840000210800004200001084000021080000420000108400002108000042000010840000210800004200001084000021080000420000108400002108000042000010840000210800004200001084000021080000420000108400002108000042000010840000210800004200001084000021080000420000108400002108000042000010840000210800004200001084000021080000420000108400002108000042000010840000210800004200001084000021080000420000108400002108000042000B10710BFDF0F108000C4A8868686B881A85F0F1080D8B26DDBB6C57D703C1E0F400062DFE29DF3E7CF67F4FA727272C4C4C4445C6B6C6F6F0788531B1A1A8AEBF064656565FC1A474646E27A08595F5FEF48202F00A289E2E262E1F3F9567578C6C7C72D0124DE3BA503CF85B2A13D03C8CB7A7A7A5675700A0A0A2CB13E97CB25F6EFDFBFAA35E6E5E539F14C281BDA24385E353A3A1AD3C1A9ABABB3CCDD63A1E6E6E698D6B873E74EA79E0765431B064678BDBDBD511F6E4D4D4D89D2D252CBE15868E3C68D626C6CCC747D6AFDEA1F0B879F851105E43B5084A70E7D6E6EAEB87AF56AC4C199999911B5B5B5B65867767676F0EDA953A7C4E0E0A0989C9C14030303A2A5A565711F1C7E167A159036502CDFA64D9BC4E6CD9BC5BA75EBD80F67D5A1807CCC4610451490D52B206FB3194486BDABE9C3661019BC48B830DFB2194461DD08055224F3B12944C1FCB2B250202E80108595A32D9977D814A260959AC164C9FE6473C8E1FDA35B301D36899CDCB238D4BCCF269143FB4C5BE17CC46691C36AD5629C0FD834724887B438E62F36906CDA989680514F5ADCFA8B277E36956CF022A07A5BBD9227E4B1427953D6BDE4331ED974B24ADFCBDE327A113019532EFB44F6A5FE792B7FE85FA238ADF18D2028F579B5975F433EA97F25609FAC53D620DBBEDA43FE3F5E74D6601C5534DF0000000049454E44AE426082),
(2, 12, 0x89504E470D0A1A0A0000000D49484452000002CF000002D008060000006FF29DF9000037454944415478DAEDDD7D949C6561FFFFCF3C243C18122550081114212288820AF8549FC0B652B1956AB150ABF2558F3FDB636D0FFE6A518FDA8A824AADD6D6D6D66ABFF65741D41E7C44ADD52A050451C3B34040100808181220846477E6FEFD3173CDCE6E3621D9CC6E76775EAF73EEB39B7D9CB96726F3BEAFBDE6BA6B99BF6ADDADDEFD7795A4B595AFDF2DC95E7DDB7E49F64FB23CC9E2240B93EC3261EBFF58B3FBFBFA7FFF7C7E7F267F275B56D90543B37FAA69F85A3FD3F5717D86EB67D6928C26D9D8B76D9AF0EF8D491E4A7277925F24B9BDFBFEBDDDB7EB1FA1BD1ADDF7DBDDDF3BEF9EA7E65BA0D4FBAE536B0B9FDF2FC981498E4872689203922C4BF2986E2497500600A0D354EB92DC9FE4BE247726599DE49624D725B9BEFBEFFB26F9DE465FC0CF8B98AECD83CB5F46975B136E906692272439ACBB3D3DC98A24072579D4361CA1555B38B2AB0DC141C87CBD4E00DBC25F7418C6FBF9D67AA7BE0D3FEFAE243F4FF293249725B922C90D49364CF8BA66F777B5E7EA63AD36472F73D9268E2E1F92E498242F4AF2AC6E282FDCC21DA635E1E725934F49000010DBE30716ABBEB09E2CAEDB496E4BF2C324DF4B727192AB2704F3C4291EE2791A2E6B239DB93AC5C27446947F2BC94B923C2D9DF9C7FDCA88746DC20600C0E0E2BADDD75C8D497AECDA24DF4AF28D2497A633B7BA6876BFBF2D9E775C99C7DC3FCA7C54925726F99D74E62D4F16CB75A10C00B0D362BA04F56431BD2AC937937C3EC945191B796EF47D9F78DE4E1377DE7E494E4AF2AA24CFECBBEC650A8658060098FD31DD98D06B972739AFBBDDDAFDD86483A7E2792BD1DC3FF7E59824AF4F67A479CFBEAF1BCD96E7D90000307B95D6EB1F91BE3FC917937C329D171D9656ADCFA6889E4DF15CEFDB9949F2C2247F9EE46519BFFC9C79CB0000F337A4DB492E48F29124DFDD42270E753C4F3CA2787192FF37C96FF67DCD68361FE2070060FEE89FD6517C33C987D259B123E9BCB070E2F2C44315CF8DBE683E32C9BB92BC622B3B100080F9AFFFF56C49673AC77BD259B1636243CE78BCEEAC68AF77E3F8D7927C20C93F26796A5F349BCF0C00309CFA5F30584BF2E424AF4DB27B921F2779786775ECCE1879EE3F527855920F26795CDF518691660000FAF537E2F549FE2C9D291D13DB7246AA7E2643BD5CB9FDD3598EE4DC6E388F66F3575C02004009E4AADB8C87A4F382C28F2759DC6DCBE64C06ED4C457A59DFEFC4247F9FCEBACD6528DEF40C0000B645BBAF2FAF496749E34BB3F972C7D356F13371A4D04EB220C9DF24F9DB247B748F1C9AB182060000DBAE2C593C9A64DF247F98E457497E94B141D9690BE8E98EE7B29CC87E49BE94E4944CBE283600006C8FB2F8C4C22427747BF31B195BAD6D5A027A3A477D9BDD238263927C2EC941191B6D06008041A83236EFF9DB494E4EB226D3F442C2E98AE712CE2FEB86F3A25849030080E9530669AF4AF27B4956F535E9AC8EE77221FF28C967FAAA5F3803003013017D6B929724F9D9A0037AD0AB5C940BF7C7493E9BB1B928C2190080E9565E6FF7B824FF95E4F06E9B0EAC456B03BEB0A349DE94E49FBAD15C8BD5340000985965D6C31D495E94E4C60C680EF4A0C2B684F36B92FCDF58BF190080D911D03724794192BB32362B62A7C673FF8B03BF9CCE2B1E8D380300B0B39539D0972579719207BB8D3AE580DED1F91F65F8FBC8245F4F679DBDC4883300003B5FBD1BD0FB273934C9B9D9C135A01B3B7861DAE99CD9E5DB49F68917070200303B03FAB074469DBF9BCE68F494469FA71ABA653E733DC9F9499E1ECBD10100303BD5BAAD7A6C922B935C9B298E404F757A4599AEF1BEEE8518E81220000030E078AE7763F953490EE8B66C7D2A3F68AAE1FCDBE9CC732EE1EC05820000CC6665A6C47F27F98D8C4D43DEE611E8ED1D2D2E81BC77926FA473DA6D4BD201003017D4BB017D503A2B6F5C94ED9CBEB1BDA3C565D4F9FF4BF28731CF190080B9A5EA6E1B931C916455B663F9BAED19312EE1FC72E10C00C01C55EBC6F36E49FE2EDB798E92C676FC92245992E4AB49F698F0710000982BCAF48D27A67306C22BB38DD337EADBF10BDA49DE9EE4B199E2AB13010060962823D067A633305C46A0B76A5B469ECBB21E8724F974F77BEA31EA0C00C0DC8EE77692C7A4F3E2C11F641B469FB72580CBA8F37F263931E63A0300303F94170FAE4DF2942477E6115E3CF84811DCE87EF3B3927CA8FBC385330000F34109E54775DFFF56C6665D6CF11BB6A68C3A7F2DC94B63D4190080F9A5DD6DE275490E4DF2CB6C65F4796B2FFA2BA3CECF49E76C82ED7891200000F34B192C7E7492FF278FF0C2C1ADC57019AEFE8B8CBD1AD18B040100986F4AEBBE299D1710B6B6D4BD5B8AE7F24AC3C3921C1F739D010098BFCAE8F3BE495EB5B54E7EA491E7372559D8AD6F000098CFAA246FE88BE9CDD4B6F0B12AC95E49AE4BB2742B5F0B0000F34579F1E00B33B6EEF3B841E4C9469ECBF48C577603BA2D9C01001802E5357EAFDFD2174C16CFA5AEFF30DB707E6F000098274A1BBF349DD9179BBD70B03EC93754E99C61E5D95B096C0000986F6ADD605E9AE425DD8F351E299E93E40F3236C7C3940D0000864995E4A4EEFBED89753DF1DF8D243F4D72789C18050080E10BE75A9207923C31C95D195B50635C18F74FD938ACFBBE7006006098945373EF91CE99B6C735F3C4784E9213BAEF5BDB19008061D44E6720F9B8899FE88FE732BFF9A57DD50D0000C3A6DE6DE11764C25ACFF5BEB75592C72779EA24610D0000C3A20C221FD2DD7A6D5C9FF005CF4EB25BACB20100C070C7732B49339DD1E7CDE2B938B6FBD6C95100001866A5878FEBFF77BDAFAC1724796E7F590300C0902A274779763A2B6FB492D44A3C27C981490EEEBE6FCA060000C3ACACEDBC5F3A4B392749BD9EB151E623D399D761BE3300008CADB2716809EAFEE9194777DF9AEF0C000063CA6A74A967EC7CDD259E8D3A0300C0581797691BED12CF8B93AC10CF0000B0593C1F9464F712CF496722F4BEDDF7ADB4010000635DBC3CC963FB3FF0C48C9FC201000074FAB891E449FDF17C68DF27010080F17DFCE4FE787E52F7ADF9CE000030A636593CEF6FBF0000C016E3F9F1259E6B49F699F049000060CC5E499AF5248FEE6EE2190000C62B7DBC38C99EF5247B275962BF0000C0162D49B2573D9D21E84513CA1A000018EBE3DD932CAD2759D6FDA065EA00006073A593F7A9C74A1B0000B02DF66FF6C573657FC0E46AB55A6AB55A1A8DC6B88F57559556AB95AAAA66CD65ACD7EB6387C9ED76AAAA9A3597AFD168A4561B3F3BACECBF9D7D19FBF75FB98C5555A5DD6EA7DDF687B9F9FED84E32EEB13351B90FCC96C71330E3CA037F797F3C031394902A81B7A5886A341A5BFDFC745FC67ABD9ED1D1D12D5E8666B3B9D322B07F1F8E8E8E6EF1EB9ACDE6563F3FDD51BFB5FD572EDF6C395062C70FE0FA0F8CCA6DBA3D8F8F66B3D9FB99B3E5001098118F6D666CA50D2F16840941DC6AB57AFF3EE4904372D4514765D9B26559B8706156AF5E9D952B5766E5CA95BDAFABD7EB3316A865C4AC3F8A172F5E9CE5CB97679F7DF6C9BDF7DE9BD5AB5767CD9A35BD289DC9CB37D9EF3BEAA8A372D4514765BFFDF6CB860D1BF2F39FFF3C175E7861EEB8E38EDE659CB8DF67E2362EBF7BF9F2E539F4D043B37CF9F28C8C8CE4D65B6FCDD5575F9D75EBD6ED94CBC7601E238D4623232323A9AA6AD203B4850B1766EFBDF7CEA2458BB278F1E22C5EBC388B162DCAA64D9B72FFFDF7E781071EC8FDF7DF9FB56BD766EDDAB54932E9CF59B060C1ACFA6B1430D8FF52BA6FF74C92FF496728BAD57D6BB3D9BADB6EBBED567DF0831FAC7EF5AB5F555BF2D0430F55FFF22FFF52EDB5D75EBDEFABD56AD37AB9FA7FFED2A54BAB8F7CE423D52DB7DC32E9E5BBEDB6DBAABFFBBBBFAB962E5D3A6397AF7F5BB26449F50FFFF00FD5A64D9BB6B80F57AD5A55FDC11FFCC14EB97CBBEEBA6BF5BEF7BDAFBAE38E3BB678F9AEBFFEFAEA4D6F7AD34EB97CB6EDDFEAF57AB560C182493F77C41147546F7DEB5BAB73CE39A7FAC94F7E52DD7BEFBDD5F6D8B87163B56AD5AAEADBDFFE76F5C10F7EB03AE18413AAC58B174F7A199ACDA6FB8ACD367FB6D2C9DF4F921F8A679B6DF3283AE59453367BE21C1919A9366DDA546DDAB4A91A1919D9ECF37FFEE77F3EED81D5FF73CF3CF3CCCD2E43BBDDAE464747AB76BBBDD9E7DEFDEE77CF68009E74D249DBB50F7FF4A31F558B162D9AB1FD77EAA9A76E76F95AAD56353232528D8C8C54AD566BDCE7EEB9E79EEAE8A38FF65899A58FDD66B3B9D9C757AC5851FDF55FFF7575F1C5173F6218B7DBEDDEE3A7D56A55AD56ABF7589AECF1D4EFF6DB6FAFCE39E79CEAC4134FDCECBEDB6834AA7ABDEE76B2D9E6473CFF3049568A679B6DFCF6918F7C645CEC4D8CA889B1D53FAAFAB9CF7D6EDA02B5FF09F8B2CB2EEBFDCE4D9B3655AD566BB327F876BBBDD9E5FBAFFFFAAF1909E8B7BFFDEDE3F6E1D6E2A33FF6376CD8D01BC59FCEE0F8D77FFDD76DBA8DCB3EEC0FFDD7BDEE7546A06751344F1C655EB1624575C619676CF1AF31E5C0ADDCEE8F14C693DD17CA41E0E8E8E8A45F7BFEF9E757BFF33BBFB3D9E35744DB6C733E9E5726C975DD7FB4ED18DBB0FFA93749F5B6B7BD6D5C186FAB326255555575F6D9670F3CAEFA7FD60F7FF8C36D8AD22D5DBECF7FFEF3D3B20F1B8D4695A47AE94B5F3AA57D5822FF8E3BEE98D6C02F23F62586B6557F403FEF79CF1B779D6D33BF4DDCF7C71F7F7C75E9A5976E3196B7F5B1B2BDFA0F5227C6F4C68D1BABB3CE3AAB7ACC631E33EEFF1A075E36DB9CDB4A275F97243F17CFB661DFCA9F7B9FF4A4278D7B429CEA93687F5C4DF6A7E41D89FB33CE38635C686EAFF2E47ED249270D34FEFA63A0ECBBED09D38901FDB18F7D6CA0A3CFE57678FAD39FBE43B771FF7532077AE71EE896ED8FFFF88FABDB6EBB6DB3FBD154EE7F838AE9C962FDDFFFFDDFAB030F3C705CFCBBEFD86C732E9E7F9E24ABC5B3CDD6D9CAA8D564F399B77774F2E69B6F1E782CECB9E79E3B147EFDF177DF7DF74DCB01C8BBDFFDEE71913E95F028CA0BB17634A0FB03E5861B6E18D86DFC810F7CC0E8F30C4FD1E8BF2FBCFCE52FAF7EF9CB5F6E16ADB3C9C46953555555FFFCCFFF5CEDB2CB2E5B3C18B0D96CB33A9E5727C9AFC4B3CDA873679EE4209F30ABAAAA8E3DF6D8818C3E97399D65BAC154479D2706EACB5EF6B2818E8E27A9EEBEFBEE298F3A4F1C7D7ED7BBDE35EEFAEFE86D7CD861870DF4F635FABC73469B0F3DF4D0EA924B2ED9E6D725CC0613C3BEDD6E57A79D769A80B6D9E65E3CAFA927D92D1DD679662895B38BBDFAD5AF4E928C8C8CECF0CF2CEB00979FB9A397AF5CA6934F3E3949363BD3E1F62A6BD49E74D24903D987E5CC6CFBEFBF7FF6DE7BEF711FDB91DBE495AF7CE5B8CBBBA33FEF8FFEE88F06721BD7EBF5DE3ABEC71C73CC406E13B6ACD168F4D60B3FEBACB372EDB5D7E659CF7A56EF4427CD667387EE6F33F5FF4CB3D9ECAD035DABD572F6D96767D5AA5539F8E0837BD76FE2193881D9F330EEBEDDA59E6417FB83610EE71266BFFBBBBF3BB027AF1252279C70C20EC75FB93CBBEEBA6B1EF7B8C70DE43296CB77FCF1C70F244E4BB81C75D45103F979E5F21D71C4114992AAAA76288ECAC1CC8B5FFCE281DDC6D371BF61CBB7DFF2E5CB73D55557E5ED6F7F7B6FFF4F3C1DFD5CF93FA79C91B4D56AE5A0830ECA8D37DE98B7BEF5AD03B9AF03D36ED77A128F52865A19417CFCE31F3F2E0477F4093249F6DE7BEFECB6DB6EE38270AAF6DB6FBFCD7EFE8E5EBEA54B970EE46796EFDD77DF7D077EFBF45FEF1DBD8DF7D9679F81DDC645B9DF38A3DCE023B378ED6B5F9BDB6FBF3D871F7E78EFEC7DE5F4D873F9FAF59FADF2A31FFD68FEFBBFFFBB77564E7FC98059CBE12D144B962C1948984EFC198B162DDAA1B82AA1F7D8C73E3649067E6AE83DF6D86360D77BD9B2650309C95AADD6FB19259EA71ABCFD3FABFF606150B771B9CE3379DAF3F9FFCC34362DE6CC33CFCCBFFDDBBFF5EEFB8D46635E8DF29751E876BB9D638F3D36AB57AFCE3EFBECD3BBAEC02CFC3FCA2E6098F54F8918B412B965347647473B77D965978145EE64F13C080B172E1CD8CF2A31BAD75E7B0D34CA06AD04B991E7C1DD46E5B6FF8FFFF88FFCE55FFE656FFFCED7982CD34F5AAD56F6D9679FDC7EFBED39E28823D26AB54CE100F10CC317E68F7AD4A306F2F3A62BCE06F9730739FA5AF69F281DCE70BEE8A28B72CA29A7F46EFF6198535EA671349BCDAC5CB9322F79C94BD26EB705348867182EFE9C0FDB17CE3FFCE10FF39CE73CA7B72AC530E95F59E4820B2EC8F39FFF7C73A0413C03C0985AADD60BC6AF7CE52B79E6339F99D1D1D1A10DC6FE0389EF7FFFFB79CA539E620A0788670018FF82CE4F7FFAD379D9CB5ED69BBA30D44FCE7D017DE59557E680030E308503C43300E2B9332DE31DEF78474E3DF554531426047479E1F135D75C93A4330DCC9AE2209E011842657EEF339EF18CBCFFFDEF1F17D38CEDA3D1D1D12C5AB428DFF9CE7792745E446B3F81780660989E7CFA46552FBCF0C2244655B7A4D96CA6DD6EE7B8E38ECB69A79D668780780660D894F9BCDFFDEE77B3DB6EBB7941DC23280715679F7D768E38E28879BDEE35886700E853A2EFD4534FCD8B5EF422F39CB7319EFB0F38920CE5527E209E0118BA082CD3353EFDE94FF73EC6363C61D7EB191D1DCD9E7BEE9977BEF39DF61D88670086219E93E4539FFA5412A3A7DBAB8CD09F71C61959BC78B1E5EB403C03305F9517BEAD58B122AF7FFDEB3B4F42C26FBB0F3ECAC8FDB9E79E9BC4594C413C03302F8D8E8E8E8BBED1D151A3CE53D068345255558E3FFEF81C75D451BD0313403C03304F94B87BEA539F9AA73FFDE9826F0795D1E78F7EF4A3E30E4C00F10CC03C8ABD0F7FF8C349929191113B65000723CF7DEE73F384273CC1C108886700E6CD134DBD9EAAAAB26CD9B2FCE66FFEA6D01B907200F2A10F7D2889B9CF209E019817CABCE633CF3CB3177DE63AEFB87200F28A57BC224B972EB5F206886700E6433897291BAF7DED6BC7451F3BBE6FCBE8F3DBDEF6B62471B21910CF00CC6525947FFFF77F3F89759D07ADC4F2EB5EF7BA2446F5413C0330A7955520DEF4A6372549AAAAB25306F924DE9DA6B1EFBEFBE6494F7AD2B8A006C43300732CECAAAA4AA3D1C871C71D27ECA64999BAF18637BC21895376837806604E2AA17CCA29A7F4224FD84DDF7E3EF5D453ED6710CF00CC5565E9B4D7BCE63576C6743E9177A76EECB9E79E79E2139F382EA801F10CC01CD0BFCAC6739EF31C4137CDCAD48DDFF88DDFE8ED7F403C033087E239490E38E080ECBEFBEE826E86F6F74B5EF292244E9802E2198039A58C321F7BECB149CCC39DF627F3EED48DE73DEF79492C0908E2198039A52C49574EC7CDCCC4F392254BB2DF7EFB2531D20FE2198039A3ACEFFCC217BE3089F9CE33B9CF5FF082178C0B6A403C03308B95506E369B59B66C5912A3A033A18CF61F7DF4D1F639886700E65AC4EDBBEFBEBD7F0BB999B362C58A71B703209E0198CD4F2CDDE902071F7CB0889B41E500A5C47399C601886700E640C41D7AE8A1492C9B3653CA7499830E3A68B3DB0210CF00CC72871D76581223CF33ADD96C66D1A245E219C43300734139B36099B621E06646AD56EB1DA83CE1094FE83CC95B7103C43300B35B09B8A54B97DA193BE9C0E5318F798C9D01E21980B914CF65EA0033BFEF9D121DC4330073407FAC9578367560E6397001F10CC01CB3C71E7BD8093BC992254BEC0410CF00CC258F7AD4A392586DC3810B88670078440B162CE83CD198B631E38C3C83780600B6D1AEBBEE6A2780780600B685A932209E0100403C03008078060000F10C0000E219000010CF0000209E0100403C03008078060000F10C0000E219000010CF0000209E0100403C03008078060000F10C0000E2190000C4330000209E0100403C03008078060000F10C0000E2190000C433000088670000403C03008078060000F10C0000E2190000C433000088670000403C03008078060000F10C0000E2190000C43300008867000010CF00008078060000F10C0000E2190000C43300008867000010CF00008078060000F10C0000E2190000C43300008867000010CF0000209E010000F10C0000E2190000C43300008867000010CF0000209E0100403C030000E2190000C43300008867000010CF0000209E0100403C030000E2190000C43300008867000010CF0000209E0100403C03008078060000C43300008867000010CF0000209E0100403C03008078060000F10C00008867000010CF0000209E0100403C03008078060000F10C0000886700009882A65D0033A356ABA556AB4DE9FB66E448BA5E4F5555F372FFCDE6EB05807806265155D594226EA6C2AFDD6ECFCAC82CC13CD5FD07008364DA064C632C27C9BA75EB9224A3A3A353FA39E5FBD6AE5D3B2D315D7E6EBBDD9EF2CF18191949923CF8E08303DF7FE5F24D75FFF5EFAF871F7E78460F4800987F8C3CC33469341A4992AF7DED6B79F0C107B3CB2EBB4C29DA6AB55A366EDC98254B968CFBB93BA27FFAC3E5975F9E56AB9566B339E5A8ACD56A59BF7E7D1EFFF8C777FE63693607B6FFCE39E79CAC5DBB7687F65FBBDDCEA64D9BF2E8473F7A60FB1000F10C4C83830F3E78565FBEC30E3B6CE03F7390F3B44B900380788621D06AB506324DA056AB4DCB88E9A02E5FD219D11DF40B1C0779F90631220E807806A6D16C9F22E0F201C0B6F38241000010CF0000209E0100403C03008078060000F10C0000E219000010CF0000209E0100403C03008078060000F10C0000E2190000C4330000209E0100403C03008078060000F10C0000E2190000C4330000209E0100403C03008078060000F10C0000E2190000C433000088670000403C03008078060000F10C0000E2190000C43300008867000010CF00008078060000F10C0000E2190000C43300008867000010CF00008078060000F10C0000E219A64555554992871F7ED8CE0000C4330000886718B08D1B372649DAEDB69DC136737F0110CF30941E78E0812449AD56B333D8666BD7AE75BF0110CF307CD6AC596327B0CDCA7CF9FBEEBBAFF39F69DD7FA700E2198620809ACD6692E4861B6E4892B45A2D3B866DB66EDDBA24469E01C4330C89123DD75E7BAD9DC176FBF9CF7F6E27008867183E575E79E5B898866D39E8BAECB2CB928C4DE300403CC3BC56A2E79A6BAEE93C28CC5D651B94E93EE57E63D50D00F10C43A1CC715EB972652F9E8D22B22D075C4972DB6DB76DF63100C4330C45089580F6A241B6E580EBE28B2F76C005209E61F82C58B02049F2F5AF7F7DB3A0862D1D707DE94B5F4A92341A0D3B05403CC3F0C5D037BFF9CD2463F359616B075B5FFBDAD71C6C018867183EE5CFF0FFFBBFFF9BAAAA52ABD50411932A2F0CBCF7DE7BAD0D0E209E61385555D5FBD3FB673FFBD924C9E8E8A81DC3160FB43EFEF18F27E98C423BD00210CF3074CABABD7FFFF77F9FC4D40D263FC82A5336CAFD4438038867184A6544F1F2CB2FCFBA75EB52ABD5ACDDCBA4F7918B2EBA286BD6AC49AD56F3170A00F10CC3A97F54F1031FF840EF635094BF469C76DA6949ACB201209E61C89551C40F7DE843BD3832FA4CFF7DE3CA2BAFCCA5975E3AEE63008867184A5555F546178D3ED3AFDC2FDEF296B78CFB3700E219865A99D7FADEF7BE374967F45940BB4F24C965975D961FFCE007E63A038867A028CBD68D8C8CF4E6B68A67F7872439F1C413938CADCC028078063276228C8F7CE423B9F5D65B53AFD78D340EF97DE1C31FFE7056AF5E9D7ABD6E1E3C807806FA4D36DAD86C368D400F6138371A8DDC7DF7DDF98BBFF88BDE7D0300F10C4CD06AB552ABD5F2D39FFEB477420C238EC3750055AF77FE8B7CEE739FDBF90FB35E17CF00E21978246F79CB5BF2B39FFD2C8D46A3F7E23186E7B65FB56A95650B0110CFF048FA471F9FF5AC6725B1F6F33068B7DBA9D56A39FFFCF3FDD50100F10CDB1B52F57A3DEBD6ADCB71C71DD779E0F8F3FDBCD56AB552AFD7F3E31FFF78DCEA1A6E6F00C4336C67407FF7BBDFCDC9279F2CA8E6F1EDDC683472E79D77E6A8A38E72A0048078861D09AB5AAD9673CF3D377FF2277F22A0E79932E2FCAB5FFD2A871E7A682F9C4DD700403CC3145555955AAD964F7CE213F9B33FFBB35E400BACB96D7474348D4623AB57AFCEFEFBEF9F75EBD6096700C4330C2AA093E4631FFB585EF9CA57761E484EA232676FCB76BB9D66B3991B6FBC318F7BDCE3B261C3062F0A05403CC3A0D56AB57CE94B5FCA739EF39C249D93A8B4DB6DD338E688320DA75EAFE7CB5FFE729EF8C427F646A02D4708807886012B53382EB9E492ECB5D75EF9D18F7E947ABD9E5AAD66147A961B1D1DED2D4178FAE9A7E7E52F7F79E73FC47A5D3803209E613A03BABCC8EC98638EC95FFDD55F25193B95B73FFDCFBE682EB7CF9A356BF2FCE73F3F679D75561273D70110CF3023CA327649F2DEF7BE374F79CA53F2939FFCA437256074745494CD82DBA84473927CE2139FC8D2A54B73E18517A656ABF50E8400403CC30CC55989E5ABAFBE3ACF78C63372CA29A7E4FEFBEF4FB3D9ECAD153C3A3A2AD26648D9DF497A0737575C71458E3EFAE8DE52838D46C3ED018078869D156BFDA3D0E79C734E962C59923FFDD33FCD5D77DD955AAD9666B3995AAD969191112F2E9CC6DB606464A4B7BF93E4861B6EC809279C90238F3C32975F7E796AB55A6AB59AF9CD008867D8D9CA148146A39124F9F8C73F9E65CB96E5A4934ECA15575C912459B060C1B81717F6C7B4A0DEFE581E1D1DCDE8E8686FF47FC182054992EF7DEF7BF9EDDFFEED1C72C821F9FAD7BF9E646C3EBAFD0C80788659A4D56AA556ABF542EE0B5FF8428E3CF2C82C5FBE3CEF7CE73B73D34D37F562AE3FA6FB83BA6C250E87D5C4FD313232D25BEDA45EAFA7D96CF6469957AF5E9DF7BFFFFD59B66C598E3DF6D85C70C105BDFD5C7E16004C552D89E11798EE075AAD9646A3B159B82D5BB62CCF7BDEF372C20927E4852F7C61F6DF7F7F3B6B3B3DF8E083B9E4924BF2C52F7E315FFFFAD773C71D776CB6DF5BAD9691E619BCAF977DDDFFB6BC3093E935323292050B16E4ACB3CECAE9A79F9E050B16646464C48E81016ADA0530FD26BE78ADD1686464642477DE7967CE3BEFBC9C77DE79BDF078C2139E90830F3E38871C7248962F5F9E458B16658F3DF6C8EEBBEF9E57BCE21543B5CF4A709D7BEEB9D9B06143D6AE5D9BB56BD7E6D65B6FCD35D75C93ABAEBA2A1B376EDCEC7B172C589056ABD59BD20100E219E6A876BBDD9B175DAFD77BD335CA54849B6EBA2937DD7453BEF5AD6F6DF6BD1B376ECCC2850B876224AFDD6EA7D168E4CE3BEFCCC9279FBCD5AF2D07246584D9481B00E219E6794897182E530D92B1D1D712850B172E1C9A7D53F6C7EEBBEF9EA4F302CCB29249D937E54596FDFB1100C4330C81FEF9A1FD21D83F877498F74B998661EE32003B93D5360000403C03008078060000F10C0000E2190000C433000088670000403C03008078060000F10C0000E2190000C43300008867000010CF00008078060000F10C0000E2190000C43300008867000010CF00008078060000F10C0000E2190000C43300008867000010CF0000209E010000F10C0000E2190000C43300008867000010CF0000209E0100403C030000E2190000C43300008867000010CF0000209E0100403C030000E2190000C43300008867000010CF0000209E0100403C03008078060000C43300008867000010CF0000209E0100403C03008078060000C43300008867000010CF0000209E0100403C03008078060000F10C00008867000010CF0000209E0100403C03008078060000F10C0000E219000010CF0000209E0100403C03008078060000F10C0000E219000010CF0000209E0100403C03008078060000F10C0000E2190000C4330000209E0100403C03008078060000F10C0000E2190000C4330000209E0100403C03008078060000F10C0000E2190000C433000088670000403C03008078060000F10C0000E2190000C43300008867000010CF00008078060000F10C0000E2190000C43300008867000010CF00008078060000F10C0000E2190000C43300008867000010CF0000209E010000F10C0000E2190000C43300008867000098739A760100D3A5AAAAB45AADD4EBF59DF2BB1B8D861B0110CF00CC0DB55A2DCDA6A71A403C03C016351A8DDC76DB6D59B870615AAD566AB5DA8CFEFEAAAAB271E3C61C78E0816E0C403C03303B5555952469B55A39E0800376FAE579E8A187B2DB6EBBA5AAAA190F78607EF2824100E6AD5D77DDD54E0006CAC83300D362678DF4D66AB5B4DBED9D7A1900F10C00DBA54CE100984F4CDB000000F10C0000E2190000C43300008867000010CF0000209E010000F10C0000E2190000C43300008867000010CF0000209E0100403C030000E2190000C43300008867000010CF0000209E0100403C030000E2190000C43300008867000010CF0000209E0100403C03008078060000C43300008867000010CF0000209E0100403C03008078060000F10C00008867000010CF0000209E0100403C03008078060000F10C00008867000010CF0000209E0100403C03008078060000F10C0000E219000010CF0000209E0100403C03008078060000F10C0000E219000010CF0000209E0100403C03008078060000F10C0000E2190000C4330000209E0100403C03008078060000F10C0000E2190000C433000088670000403C03008078060000F10C0000E2190000C433000088670000403C03008078060000F10C0000E2190000C43300008867000010CF00008078060000F10C0000E2190000C43300008867000010CF00008078060000F10C0000E2190000C43300008867000010CF0000209E010000F10C0000E2190000C43300008867000010CF0000209E0100403C030000E2190000C43300008867000010CF0000209E0100403C030000E2190000C43300008867000010CF0000209E0100403C03008078060000C43300008867000010CF0000209E0100403C03008078060000F10C00008867000010CF0000209E0100403C03008078060000F10C00008867000010CF0000209E0100403C03008078060000F10C0000E219000010CF0000209E0100403C03008078060000F10C0000E219000010CF0000209E0100403C03008078060000F10C0000E2190000C4330000209E0100403C03008078060000F10C0000E2190000C433000088670000403C03008078060000F10C0000E2190000C433000088670000403C03008078060000F10C0000E2190000C43300008867000010CF00008078060000F10C0000E2190000C43300008867000010CF00008078060000F10C0000E2190000C43300008867000010CF0000209E010000F10C0000E2190000C43300008867000010CF0000209E0100403C030000E2190000C43300008867000010CF0000209E0100403C030000E21900E6A55AAD662780780644006C9FAAAA86F27AB75A2D373E88676074743449D26EB787E63A6FDAB4C90DCF946DDCB871E81E3349F2C0030FB8F1413C030F3DF45092E11A8DDDB06143EF3A0FEB28223B1E91C3F6178C75EBD6B9F1413C032524874119297CF8E18787327E98BAFE83AC611D81BDFFFEFBDD11403C03252487893F3F3315E5606BCD9A35E30EC686E57ADF77DF7DEE04209E61385555957ABDF350BDFBEEBB872A0492E417BFF845E73FABBAFFAED8768D46234972C30D37F41E47C374BD6FBDF5D6A1BADE209E81F10FD46E380E530894EB78F5D55727316D83ED53EE2FD75E7BED501D6897EB5DFEAFB0EA068867100243769D4B04C0540EBEAEB9E69AA139F82AD779FDFAF5191919712700F10CFCEC673F1B9AEB5AFEFC7CE38D378E0B03D816656AD3CA952B9324CD667368AE73F96B4DBD5EF7B801F10CC3A9FCE9F5F2CB2F4F922C58B0605E3F29F6FFF9F9C73FFEF1B830806DBD0F25C92DB7DC92F5EBD70FC57DA85CE7EF7CE73BE30E4001F10C431B02BFF8C52F7A21309FE3B91C2C5C7FFDF54379621806F39829F1F8831FFC6028EE43E5FA5E70C105F3FEFF0810CFC03687C045175D342E30E7F3C142899E050B16B813B0FD4F70DD17DA7EF5AB5F9DF731D9BF2ACF25975CE28013C433303104E6F3D26DE5BA7DE52B5F71C33365E500F3F39FFF7CEF206CBE0674B9AE175E7861DAED766AB59A788669524BE2EF3A304782B2DD6EE7D18F7E74EF0408FD7383E78BFEEBD4FFD69FA099D2935CF7BE73D96597E5E8A38FCEC8C8C8BCFC4B46ABD54AA3D1C849279D942F7CE10B69369BBD294FC0809F8FED02981BCA68D2DAB56B7B2B08CCC7A91BE53A7DF9CB5FEE1D340867A6AAACB2F18FFFF88FE30EC8E6DB016799D6F5852F7C61DEFEDF00E2199872087CF2939F9CB7215022E09FFEE99F7AF10C5355465F3FF399CFA4AAAA349BCD79379DA15CC7CF7EF6B3BDC790034E983EA66DC05C7AC0F64D5FE87F3B5F22BADD6EA75EAF67CD9A3559BA74A91B9C811D748E8E8EE63DEF794FDEFBDEF7F6A638CC37FBECB34FEEBEFBEEDE142F607AD493981405734419394B92BFF99BBF49927935AFB11C10BCEB5DEF4A62950D0677509624EF7BDFFB92CCAF91D9323DE3AB5FFD6AEEBEFB6E2F1484E9375A4BF2409245F605CC9123DEEEA8D2A2458BF2C0030FF4A273AE8F3E9751E7FE25B7BC50904169341A69B55A39EDB4D372F6D967F7EE6F73FD60B33CEE972D5B96BBEEBACBA8334CBF07EB491E2E8F43FB03E64E643EF8E083F9F0873FDCFBD85C5722F98D6F7C632F768433837CDC249DBFD8DC76DB6DF32232CBA8F3073EF001E10C33F034D57DBBB196E4F624CBBB1FACD93730FBF58FC86ED8B021BBEEBAEB9C1E491B1D1D4DB3D9CCCD37DF9C830E3A68B3EB088350469F9FFAD4A7E68A2BAEE81DB4CDC5BFDA94C7FB7DF7DD973DF7DCD3630666269E6B496EEF1F7906E6CA23B86F69AA934F3EB9F7C43957AF4B99C7FDF297BF3C49E7055E2280416BB55AA9D56AB9F2CA2BF38E77BCA377FF9B8B8F9972A0FCEBBFFEEBBD03038F1998111BEB4936F615353087422049CE3FFFFC7CEE739F4BAD569B936BBB9627FCF7BCE73DB9EAAAAB52ABD59CDC816977E69967E67BDFFB5EEAF5FA9CBDBFBDF9CD6FCEB5D75E3B671FFB30D79EAE4A3CD792FC24C9D392B463DD679853FAFF4C7BE79D7766DF7DF79D53CB7095CB7AD96597E599CF7CE666D709A6FB7173E38D37E6E0830F9E338F9B32CDE4539FFA54DEF8C6377ABCC0CC299DFC63D336602E1F06F7FDF9F6E94F7F7ADAED761A8DC69C78D15089957BEEB927CF7EF6B393389B2033FFB859B162456EBFFDF6DE7CE8D9FE98A9D56A39F7DC737B2FAC0566DCB8691BC05C3C14EEBE70E8CE3BEFCCE1871FDE8BD0D91C02259C376EDC98152B56F4AE83950298C9C74D19693EF8E083B36AD5AADE81E76C3B802B97A7D168E4BCF3CE1BF73A07079BB073E2797D797CDA1F30B743E0BAEBAECBB39EF5ACDE13ED6C9CCB59C2F9E1871FCE8A152BB26EDD3AE1CCAC3888FBF6B7BF9D7ABD3EAB4E3452469B93E4FDEF7F7F5EF5AA570967D849C7B1DDB7EBEB4956DB1F303F42A056ABE5D24B2FCDC1071F9CF5EBD7A7D96CA6D56ACD8A27D9AAAA7A917FCB2DB7E4D77EEDD7E6CD7ABBCCEDC74D99C2F15BBFF55BBDB31096BFDEECACC74E19012FA3E3A79C724AEFCC9BC21976AA3BEB496EEBFEC31ACF30D70F8BBB4FB637DD7453962F5F9E952B57A6D168ECF4152C4AD8D7EBF57CF39BDFCC81071E98071E784038332BB4DBEDDEE8EEBBDFFDEE3CED694FCB1D77DC31EEB13353B1DA6EB77BD3986AB55A2EBEF8E2ECBDF7DE39E79C73C63DCE8119573AF9B6FE7806E6813292B66EDDBA3CED694FCB19679C91646CEDE4998CD512EC65F4ECCD6F7E738E3FFEF82411CECCBA03CF5AAD9646A391952B57E6B18F7D6C4E3FFDF4DE63A72C07371D215D55554647477BD15CAFD7B366CD9ABCFAD5AFCE739FFBDCDC7BEFBDBDB5D0819DEEF62479713AF338DADDB7369B6D1E6CF57ABDF7FE939FFCE4EAD24B2FADFA8D8C8C54ED76BB1AB476BB5D8D8C8C8CFBD837BEF18D6ABFFDF6EB5D9E5AADE636B2CDDAADD168F4DEDF7DF7DDABBFFDDBBFAD366DDAB4D9E3676464A46AB55ADBFD386AB7DB55ABD5AA366DDA548D8E8E8EFBDCBA75EBAAD34F3F7D8B8F659BCDB6D3B6D2C9BF992447A6B3E28680B6D9E6D956ABD5C63DF1BEE215AFA856AD5A35EEC97AD3A64D3B1CD2A3A3A3D5C8C8C8662170F9E597572F78C10B44806D4E3E76FA233A49F58637BCA1FAE94F7F3AE963A0C470793C4DDCCAE75AADD6A4DF7FD1451755279E78E21623DE66B3CD8A6D533AE746C9FE49EE11CF36DB708C4227A95EFCE21757DFFFFEF7277D122F4FF4FD236BFD5B7F0C4C1C612ECE3FFFFCEA694F7B9AD133DBBC88E866B339EE63FBECB34FF596B7BCA5FAD6B7BE55AD5FBF7E4A079CF7DD775FF58D6F7CA33AF5D453ABC58B176F16CDFE3A63B3CDCA51E77B92EC5F4BB26B926B923C21CE3208F35AB3D91CF7C2C1254B96E455AF7A555EF39AD7E498638EC982050BA6F4731F7CF0C15C7CF1C5F9CC673E932F7DE94B191919D9E2EF84B9A856ABA5D96C8EBB6F17CB972FCF61871D96152B5664C58A15D973CF3DB3E79E7B66B7DD76CB030F3C90F5EBD7E7EEBBEFCE75D75D979B6FBE39575E7965EEB9E79E491F9FB365751C609CD2C7372739BCBC72F047498E12CF301C1150CEA636F149FAD0430FCDF39FFFFCAC58B122871F7E78962F5F9E458B1665F1E2C5A9AA2A6BD7AECDFAF5EB73EBADB7E69A6BAEC9F5D75F9F1FFCE007B9F9E69B27FD1DA299F9A85EAFF74EA8B22327236A341ABD25F1BC7816E6443C5F9EE4E812CFE724F98324AD240DFB08862B0206F1E45D42602697F582D970305A96617CA4F597CBE7CB1ACE1E273067943E3E3FC98965ED9BABBB6F3D9261980EA5BB6BCAF647405956AE8C4CF73FC197B57027FBBA56AB35AB4F090ED3A13C468C1CC3FC7EA877DF5E9324259EAFEABE35650344C056BFA6BC150B000C893253E3EAFE58BE2E9D2169F10C000063CA94E66BFAE3F98E8C9D69D0701200008C75F15D497E51E2B99EE4A124ABBA9F34EF190000C6BAF8A624EB92D44B3C27C995E2190000365316D7A8F7CF71BED27E0100809E32A87C45F9407DC207DBB1CE330000A4AF8B7BCB3AD7333611FA9A2437A4B31C87170D020030CCAA6E17DF996465F763ED32F2DC4C3292E47FCA27EC2F0000865839F3D745491E4877C646BDAFAC93E4DBDDB7D67B06006098D526EBE389F17C49BACB70C4AA1B00000CA72A9DF9CE9B927CBFFBB1767F3CB7BBEFDF95E447FD5F0000004318CF49E78582ABD2F79AC0FEE919E5FDEF4CF82600001826ED6E0B7F371356A3AB4FF8A212CF552C590700C070AAA733DABCD9A0F2C478AEA573B294ABBAEFB7EC3B0000864899CEFCCB2497F67D6CB3784E3AA3CD2349CE9B58D900003024F19C245F4FB2B6DBC7D596E2B97CF117D37975614340030030444A1F9FB3B54FF6C7733DC9F5492E9C10D40000309F95165ED56DE1CDCEBC5DDF4A50FF73F71B6AF623000043A0CCB8F88F241B33C92C8CC9C2B87C6CD774D6B63BB0FB4DCE3A0800C07C0FE787921C9EE4966EFF3EE2C87309E50D493E9D4986AB0100609E6975BBF7CBDD706E4CD6C05B9A92514ECFBD6F926B923C3A469F010098BFCA7CE75F4F7251379E5B9345F2D6BEF9CE249F8AD1670000E6AF56B77DFF3BC9C5DDF7273DDFC9D65E0C58469FF74B725D9245DBF03D000030D79481E3E3D2392577634BF15CDF861F7247924FC6E8330000F34F1975FE7E379CB738EA9C3CF22872F9FCD27456DED83B96AF0300607EC5732DC98B92FC205B19754E1EF90580E54582F726797F2659AE030000E6703837D239BBF6238673B26D23C865A47961921FA5B3EE5D3B56DE000060EEAABADBC6244726B931DB304DB9BE8D3FB896E4E1246FE9FB450000305795C1E00F25B921DB38C3A2B11D65DE48F2F37456DF383AC9688C3E030030F794E91A5726796DB66370787B5EF857A66F2C49B232C901317D030080B9A5EA366C2DC90B92FC6FB661AE7351DFCE5F544B725F9237F4FD6253380000982BCAA8F3D9DB1BCEC9B64FDBE80FE8669255DDB72FCCD8DA78000030DBC3B999E49224AFC914CE633295F59A6B7DB1FCED24C7A633FFB9E9F6000060962A5335EE4FE7F57B37660ACB304F65C4B84CD768273925C94DDD70B6FE330000B351FF3CE7FFD30DE7C654FAB5BE0317A09EE497497E3FC98371FA6E000066A7325DE32F93FC67F7FDD6547E507D0017E2A7495E9DB1170E7A01210000B3C548B759FF25C907BBEF8F4EF5873576F0C2B4BB17E0BA24B724F9BD8C0D89D7DC560000EC44A3491624F9523AEB396FF71CE741C7737F40FF34C9AF92BC54400300B0938D74C3F98274A619B732803365370674E14A40FFB02FA093B1B5A1010060A69411E76F2579659287D31975DEE1E9C58D015EC876F7E75D9AE417497EA77B21AD030D00C04CA8FAC2F98B494E4AB2210398AE311DF15C2E7033C94F925C9DE48424BB74AF8480060060BA94386E26F9543A739C470719CE99A6A02D274CF9CF74CE175ED6811E759B0200300DCA4C877A9277257963C6A60F0F7429E5E99C8F5C8279BF24FF37C98BFB2EBC5168000006A10CDCAE4DF2FA740670CBFCE6812FA1DC98C62B52E640DF9FE473DD2BF1826EB09BC60100C08EB666E9D98B92BC3CC985D98113A0ECEC784EC6CE445825F96E3A2F267C4E92A5DD2B6C350E0000B6B72F5BDD8EADA573E293D724B93B333055B8314357B0D6FD5D3726F98F248F4E7254C646A1AD090D00C023E99FDB7C4D3A2F0AFCA7740665CB2A6FD3AA318357B6EAFEBEF549BE96E447499E9A6499880600E011A2B9D60DE40DE98C36BF2E9DB35C37FA5A73DA3566F88AF78F42DF90E433E94CEE3E32C91E221A008009D15C9AB596B1D36C9F93CE19041B9981D1E67E3B3350FBAFEC7E49FE22C9FFE94674D95975110D003054AA8C4DC3281DF8BF49FE3AC97F75FF5D5E1458CDF485DBD9615A86DF4B44AF48F227E90CC32F9970C421A40100E6AFB29844FFCC88EF26F9DB74A6FC961E2C5FBBD3E275369818D107A6330AFD47491ED7F77565893BCBDC0100CC7D6594B9D6D7771B925C90E49349BEBD8556DCA9D13A9B94302E4B8C2C49F2CA74961FF9F5BE9D5A962829A3D146A40100E6462CF74FCBE81F10BD299DB9CCFF9ECE6BE3665534CFD678EE8FE8DA841D756437A47F2FC9A113BEBECC7911D30000B32F98FB4F68D2EF9749BE99E4BC24FF93E4A1ADB4A078DEC6CB57CFD81C9824D925C931497E3BC96F2539229B4FE318EDFBFE5A4CF3000098E9502EF397FB7BB39DE46749BE9FCE7CE6FF49726FDFE79BDDAF69CFD62B38974668B77404F2D424CF4DF2C224CFCCF839D2997063B5337E64BA3607F70300C0CE0EE46AC2FB6529E2C9DC95E48749BE93CEE9B3AF9E10C78DBE56AB66FB959F8BD158EB0BE989A75FDCAD1BD34F49679AC753921C9464F976DE0926EE9BDA3CD86F00009335D096FE3D59133DD25FF37F95E4E674E62CFF34C915492E4B72FF84AF9B53C13CDF22B07F09BBC9E6C52CE9C6F3E1499EDC7D7B603AA7085F9264713A7F22000060EBDADD107EA0FBF6E67446927FD67D7B5B927BB6D26B55C60F5ACE39F36D04B53621A6B73667E65149F64EB2B4FB767992FDBBDBBEE99CAC6561925DD39967DDBF958F896E00602EDA9464E3846DE2C7D6A533E5E2F6247724599DCEFCE45F75B7B5DBD063650E74355F76DCFF0F49961335F45B24880000000049454E44AE426082, 0x89504E470D0A1A0A0000000D49484452000000C8000000C80806000000AD58AE9E000008734944415478DAEDDD6F4855671CC0F173D59AFD5933F185BD4EA74C586E710BD6D89BA6A225FD19B8396119B9122CC257BD9B4C8D214130EAC520961491D472AE35590C59102D71E034B6BD9E64060693957FF2DEEEBDCF9EE776B47BBDE778BDDEBFE79CEF0FBE38C6297B9E9E4FE75EAF7F346DF5E3926D977D2A6B97F5C87E978DCB9EC89EC966F5E6427AAE371F9247CFABF742CFA7E70F29E080FC31E633E84594BC2BCC63D27C0C3D3769CE20B3FF3F17729E8CFA573621FB5BF693EC6B5993AC4296A7A568726525B29F6582C842293C35B2FC64E168D6DF919FCD268BB67087FE319130AA64FFB1B964B33CFAC3B0B8E60A1B4936EFB790E7D42B9E1CD92FFAED884D24BB372D7B231624E020A735B5D20FDD5E010739B45FA301F9904D2287F7C57240F8681539BDE766383E677388827DB314C76B6C0A5158AF870229E11572A2B0B68702E9674388C21A0CFDD02E1B421459B602E26623880C7B4F0139C4461019D6A8807CC5461019D6A580DC6023880CFB410119B1F3225D2E177FD1267BC2DE446D54017962D743B061C30671F4E851D1D1D1210E1C3810F5D7ECDBB74F1C3F7E5CD4D5D545BD76F7EEDDA2ADAD4D9C387142E4E7E72F7B6D7979B968696911CDCDCDA2B8B8386D7B525454240E1E3C280E1F3E2C4E9E3C298E1D3B261A1B1BC5AE5DBB827B058888948DE03757B0E502D5040201B130172E5C30BDB6AFAF6FF15AF5F6C18307A6D7EED9B367F1F754D77A3C1ED36BABABABC5D2510735557BA00E7E4D4D4DD8FB0FDD13BFDFBFF8DFB76FDF165BB76E05C6AB948DE077B8B0DDE22E5FBE2C8CA6ACAC2CE25A7580420FCDC2D4D6D6465C9B9D9D1D76A816E6E2C58B11D7AE59B3463C7AF4C8F0CF91ECF567656505EF884B41441B9FCF271E3E7C088E97291BF65CDCAD5BB70C0F40575757C4B5478E1C31BCF6DEBD7B118FD30B0B0B83778CA5333737677A174B07903B77EE8878C6EBF58ACACA4A9EA7D87561FDFDFD867FF167CE9C89B8B6A9A969C540B66CD96208647676362380A83BC7DDBB7745A246DD85000210DB00E9ECEC8CE92155B4999F9F176BD7AE050840AC0FA4A2A242246B000210CB0331FAE041A2C6ED76030420D60562B686448D7AD80610805812887A627EE9D22591EC71E85D042076B883A462D46719000420003199EBD7AF030420D603B263C70E91AA0108402C07447D9A0B4000021093EEDFBF0F108000C4ACE1E16180000420000108400002108000042000010840000210800004200001084000021080000420000108400002108000042000010840000210800004200001084000021080000420000108400002108000042000010840000210800004200001084000021080580C487B7B7BC4B5EAC73E1B8DFA397F4BAF553F6DC908C8CCCC0C4000627D2099320001084000021080000420000108400002108000042000010840000210800004200001084000021080000420000108400002108000C4E2DDBC79132000018859D7AE5D0308400062D6B973E73216C7D3A74F010290F456505090B1404A4B4B23BE521120004979EA5FEA4C1BBFDF1FC4CB1D042069AFBEBE3EE380747575257C9D0001C8AA535F579E29333D3D9D9435020420AB6EFDFAF5C16FA890EE51DFE821D10FAD00029084F5F8F1E3B4E1F07ABDA2A4A424696B03084012D2C0C080080402293B4CEA7D8D8F8F277D5D000148C22A2C2C14DDDDDD493F4843434349BD6B000420494FBD1E515555157C5131DE3B8BFAF57BF7EE156EB73BF8BC2795EB000840925A6363634280A4EBCF0F10800004200001084000021080000420000108400002108000042000010840000210800004200001084000021080000420000108400002108000042000010840000210800004200001084000021080000420000108400002108000042000010840000210800004200001084000021080000420000108400002108000042000010840000210800004200001485A6A6D6D1567CF9E5DB6D3A74F030420CE04B2D2000210800004200001084000021080000420000108400002108000042000010840000210800004200001084000021080000420000108400002108000042000010840000210800004200001084000021080000420000108400002108000042000010840000210800004200001084000021080000420000108400002108000042000010840000210800004200001084000021080000420000108400002108000042000010840000210800004200001084000021080000420000108400002108000042000010840000210800004200001084000021080000420000108400002108000042000B10710BFDF0F108000C4A8868686B881A85F0F1080D8B26DDBB6C57D703C1E0F400062DFE29DF3E7CF67F4FA727272C4C4C4445C6B6C6F6F0788531B1A1A8AEBF064656565FC1A474646E27A08595F5FEF48202F00A289E2E262E1F3F9567578C6C7C72D0124DE3BA503CF85B2A13D03C8CB7A7A7A5675700A0A0A2CB13E97CB25F6EFDFBFAA35E6E5E539F14C281BDA24385E353A3A1AD3C1A9ABABB3CCDD63A1E6E6E698D6B873E74EA79E0765431B064678BDBDBD511F6E4D4D4D89D2D252CBE15868E3C68D626C6CCC747D6AFDEA1F0B879F851105E43B5084A70E7D6E6EAEB87AF56AC4C199999911B5B5B5B65867767676F0EDA953A7C4E0E0A0989C9C14030303A2A5A565711F1C7E167A159036502CDFA64D9BC4E6CD9BC5BA75EBD80F67D5A1807CCC4610451490D52B206FB3194486BDABE9C3661019BC48B830DFB2194461DD08055224F3B12944C1FCB2B250202E80108595A32D9977D814A260959AC164C9FE6473C8E1FDA35B301D36899CDCB238D4BCCF269143FB4C5BE17CC46691C36AD5629C0FD834724887B438E62F36906CDA989680514F5ADCFA8B277E36956CF022A07A5BBD9227E4B1427953D6BDE4331ED974B24ADFCBDE327A113019532EFB44F6A5FE792B7FE85FA238ADF18D2028F579B5975F433EA97F25609FAC53D620DBBEDA43FE3F5E74D6601C5534DF0000000049454E44AE426082),
(3, 13, 0x89504E470D0A1A0A0000000D49484452000002CF000002D008060000006FF29DF9000037454944415478DAEDDD7D949C6561FFFFCF3C243C18122550081114212288820AF8549FC0B652B1956AB150ABF2558F3FDB636D0FFE6A518FDA8A824AADD6D6D6D66ABFF65741D41E7C44ADD52A050451C3B34040100808181220846477E6FEFD3173CDCE6E3621D9CC6E76775EAF73EEB39B7D9CB96726F3BEAFBDE6BA6B99BF6ADDADDEFD7795A4B595AFDF2DC95E7DDB7E49F64FB23CC9E2240B93EC3261EBFF58B3FBFBFA7FFF7C7E7F267F275B56D90543B37FAA69F85A3FD3F5717D86EB67D6928C26D9D8B76D9AF0EF8D491E4A7277925F24B9BDFBFEBDDDB7EB1FA1BD1ADDF7DBDDDF3BEF9EA7E65BA0D4FBAE536B0B9FDF2FC981498E4872689203922C4BF2986E2497500600A0D354EB92DC9FE4BE247726599DE49624D725B9BEFBEFFB26F9DE465FC0CF8B98AECD83CB5F46975B136E906692272439ACBB3D3DC98A24072579D4361CA1555B38B2AB0DC141C87CBD4E00DBC25F7418C6FBF9D67AA7BE0D3FEFAE243F4FF293249725B922C90D49364CF8BA66F777B5E7EA63AD36472F73D9268E2E1F92E498242F4AF2AC6E282FDCC21DA635E1E725934F49000010DBE30716ABBEB09E2CAEDB496E4BF2C324DF4B727192AB2704F3C4291EE2791A2E6B239DB93AC5C27446947F2BC94B923C2D9DF9C7FDCA88746DC20600C0E0E2BADDD75C8D497AECDA24DF4AF28D2497A633B7BA6876BFBF2D9E775C99C7DC3FCA7C54925726F99D74E62D4F16CB75A10C00B0D362BA04F56431BD2AC937937C3EC945191B796EF47D9F78DE4E1377DE7E494E4AF2AA24CFECBBEC650A8658060098FD31DD98D06B972739AFBBDDDAFDD86483A7E2792BD1DC3FF7E59824AF4F67A479CFBEAF1BCD96E7D90000307B95D6EB1F91BE3FC917937C329D171D9656ADCFA6889E4DF15CEFDB9949F2C2247F9EE46519BFFC9C79CB0000F337A4DB492E48F29124DFDD42270E753C4F3CA2787192FF37C96FF67DCD68361FE2070060FEE89FD6517C33C987D259B123E9BCB070E2F2C44315CF8DBE683E32C9BB92BC622B3B100080F9AFFFF56C49673AC77BD259B1636243CE78BCEEAC68AF77E3F8D7927C20C93F26796A5F349BCF0C00309CFA5F30584BF2E424AF4DB27B921F2779786775ECCE1879EE3F527855920F26795CDF518691660000FAF537E2F549FE2C9D291D13DB7246AA7E2643BD5CB9FDD3598EE4DC6E388F66F3575C02004009E4AADB8C87A4F382C28F2759DC6DCBE64C06ED4C457A59DFEFC4247F9FCEBACD6528DEF40C0000B645BBAF2FAF496749E34BB3F972C7D356F13371A4D04EB220C9DF24F9DB247B748F1C9AB182060000DBAE2C593C9A64DF247F98E457497E94B141D9690BE8E98EE7B29CC87E49BE94E4944CBE283600006C8FB2F8C4C22427747BF31B195BAD6D5A027A3A477D9BDD238263927C2EC941191B6D06008041A83236EFF9DB494E4EB226D3F442C2E98AE712CE2FEB86F3A25849030080E9530669AF4AF27B4956F535E9AC8EE77221FF28C967FAAA5F3803003013017D6B929724F9D9A0037AD0AB5C940BF7C7493E9BB1B928C2190080E9565E6FF7B824FF95E4F06E9B0EAC456B03BEB0A349DE94E49FBAD15C8BD5340000985965D6C31D495E94E4C60C680EF4A0C2B684F36B92FCDF58BF190080D911D03724794192BB32362B62A7C673FF8B03BF9CCE2B1E8D380300B0B39539D0972579719207BB8D3AE580DED1F91F65F8FBC8245F4F679DBDC4883300003B5FBD1BD0FB273934C9B9D9C135A01B3B7861DAE99CD9E5DB49F68917070200303B03FAB074469DBF9BCE68F494469FA71ABA653E733DC9F9499E1ECBD10100303BD5BAAD7A6C922B935C9B298E404F757A4599AEF1BEEE8518E81220000030E078AE7763F953490EE8B66C7D2A3F68AAE1FCDBE9CC732EE1EC05820000CC6665A6C47F27F98D8C4D43DEE611E8ED1D2D2E81BC77926FA473DA6D4BD201003017D4BB017D503A2B6F5C94ED9CBEB1BDA3C565D4F9FF4BF28731CF190080B9A5EA6E1B931C916455B663F9BAED19312EE1FC72E10C00C01C55EBC6F36E49FE2EDB798E92C676FC92245992E4AB49F698F0710000982BCAF48D27A67306C22BB38DD337EADBF10BDA49DE9EE4B199E2AB13010060962823D067A633305C46A0B76A5B469ECBB21E8724F974F77BEA31EA0C00C0DC8EE77692C7A4F3E2C11F641B469FB72580CBA8F37F263931E63A0300303F94170FAE4DF2942477E6115E3CF84811DCE87EF3B3927CA8FBC385330000F34109E54775DFFF56C6665D6CF11BB6A68C3A7F2DC94B63D4190080F9A5DD6DE275490E4DF2CB6C65F4796B2FFA2BA3CECF49E76C82ED7891200000F34B192C7E7492FF278FF0C2C1ADC57019AEFE8B8CBD1AD18B040100986F4AEBBE299D1710B6B6D4BD5B8AE7F24AC3C3921C1F739D010098BFCAE8F3BE495EB5B54E7EA491E7372559D8AD6F000098CFAA246FE88BE9CDD4B6F0B12AC95E49AE4BB2742B5F0B0000F34579F1E00B33B6EEF3B841E4C9469ECBF48C577603BA2D9C01001802E5357EAFDFD2174C16CFA5AEFF30DB707E6F000098274A1BBF349DD9179BBD70B03EC93754E99C61E5D95B096C0000986F6ADD605E9AE425DD8F351E299E93E40F3236C7C3940D0000864995E4A4EEFBED89753DF1DF8D243F4D72789C18050080E10BE75A9207923C31C95D195B50635C18F74FD938ACFBBE7006006098945373EF91CE99B6C735F3C4784E9213BAEF5BDB19008061D44E6720F9B8899FE88FE732BFF9A57DD50D0000C3A6DE6DE11764C25ACFF5BEB75592C72779EA24610D0000C3A20C221FD2DD7A6D5C9FF005CF4EB25BACB20100C070C7732B49339DD1E7CDE2B938B6FBD6C95100001866A5878FEBFF77BDAFAC1724796E7F590300C0902A274779763A2B6FB492D44A3C27C981490EEEBE6FCA060000C3ACACEDBC5F3A4B392749BD9EB151E623D399D761BE3300008CADB2716809EAFEE9194777DF9AEF0C000063CA6A74A967EC7CDD259E8D3A0300C0581797691BED12CF8B93AC10CF0000B0593C1F9464F712CF496722F4BEDDF7ADB4010000635DBC3CC963FB3FF0C48C9FC201000074FAB891E449FDF17C68DF27010080F17DFCE4FE787E52F7ADF9CE000030A636593CEF6FBF0000C016E3F9F1259E6B49F699F049000060CC5E499AF5248FEE6EE2190000C62B7DBC38C99EF5247B275962BF0000C0162D49B2573D9D21E84513CA1A000018EBE3DD932CAD2759D6FDA065EA00006073A593F7A9C74A1B0000B02DF66FF6C573657FC0E46AB55A6AB55A1A8DC6B88F57559556AB95AAAA66CD65ACD7EB6387C9ED76AAAA9A3597AFD168A4561B3F3BACECBF9D7D19FBF75FB98C5555A5DD6EA7DDF687B9F9FED84E32EEB13351B90FCC96C71330E3CA037F797F3C031394902A81B7A5886A341A5BFDFC745FC67ABD9ED1D1D12D5E8666B3B9D322B07F1F8E8E8E6EF1EB9ACDE6563F3FDD51BFB5FD572EDF6C395062C70FE0FA0F8CCA6DBA3D8F8F66B3D9FB99B3E5001098118F6D666CA50D2F16840941DC6AB57AFF3EE4904372D4514765D9B26559B8706156AF5E9D952B5766E5CA95BDAFABD7EB3316A865C4AC3F8A172F5E9CE5CB97679F7DF6C9BDF7DE9BD5AB5767CD9A35BD289DC9CB37D9EF3BEAA8A372D4514765BFFDF6CB860D1BF2F39FFF3C175E7861EEB8E38EDE659CB8DF67E2362EBF7BF9F2E539F4D043B37CF9F28C8C8CE4D65B6FCDD5575F9D75EBD6ED94CBC7601E238D4623232323A9AA6AD203B4850B1766EFBDF7CEA2458BB278F1E22C5EBC388B162DCAA64D9B72FFFDF7E781071EC8FDF7DF9FB56BD766EDDAB54932E9CF59B060C1ACFA6B1430D8FF52BA6FF74C92FF496728BAD57D6BB3D9BADB6EBBED567DF0831FAC7EF5AB5F555BF2D0430F55FFF22FFF52EDB5D75EBDEFABD56AD37AB9FA7FFED2A54BAB8F7CE423D52DB7DC32E9E5BBEDB6DBAABFFBBBBFAB962E5D3A6397AF7F5BB26449F50FFFF00FD5A64D9BB6B80F57AD5A55FDC11FFCC14EB97CBBEEBA6BF5BEF7BDAFBAE38E3BB678F9AEBFFEFAEA4D6F7AD34EB97CB6EDDFEAF57AB560C182493F77C41147546F7DEB5BAB73CE39A7FAC94F7E52DD7BEFBDD5F6D8B87163B56AD5AAEADBDFFE76F5C10F7EB03AE18413AAC58B174F7A199ACDA6FB8ACD367FB6D2C9DF4F921F8A679B6DF3283AE59453367BE21C1919A9366DDA546DDAB4A91A1919D9ECF37FFEE77F3EED81D5FF73CF3CF3CCCD2E43BBDDAE464747AB76BBBDD9E7DEFDEE77CF68009E74D249DBB50F7FF4A31F558B162D9AB1FD77EAA9A76E76F95AAD56353232528D8C8C54AD566BDCE7EEB9E79EEAE8A38FF65899A58FDD66B3B9D9C757AC5851FDF55FFF7575F1C5173F6218B7DBEDDEE3A7D56A55AD56ABF7589AECF1D4EFF6DB6FAFCE39E79CEAC4134FDCECBEDB6834AA7ABDEE76B2D9E6473CFF3049568A679B6DFCF6918F7C645CEC4D8CA889B1D53FAAFAB9CF7D6EDA02B5FF09F8B2CB2EEBFDCE4D9B3655AD566BB327F876BBBDD9E5FBAFFFFAAF1909E8B7BFFDEDE3F6E1D6E2A33FF6376CD8D01BC59FCEE0F8D77FFDD76DBA8DCB3EEC0FFDD7BDEE7546A06751344F1C655EB1624575C619676CF1AF31E5C0ADDCEE8F14C693DD17CA41E0E8E8E8A45F7BFEF9E757BFF33BBFB3D9E35744DB6C733E9E5726C975DD7FB4ED18DBB0FFA93749F5B6B7BD6D5C186FAB326255555575F6D9670F3CAEFA7FD60F7FF8C36D8AD22D5DBECF7FFEF3D3B20F1B8D4695A47AE94B5F3AA57D5822FF8E3BEE98D6C02F23F62586B6557F403FEF79CF1B779D6D33BF4DDCF7C71F7F7C75E9A5976E3196B7F5B1B2BDFA0F5227C6F4C68D1BABB3CE3AAB7ACC631E33EEFF1A075E36DB9CDB4A275F97243F17CFB661DFCA9F7B9FF4A4278D7B429CEA93687F5C4DF6A7E41D89FB33CE38635C686EAFF2E47ED249270D34FEFA63A0ECBBED09D38901FDB18F7D6CA0A3CFE57678FAD39FBE43B771FF7532077AE71EE896ED8FFFF88FABDB6EBB6DB3FBD154EE7F838AE9C962FDDFFFFDDFAB030F3C705CFCBBEFD86C732E9E7F9E24ABC5B3CDD6D9CAA8D564F399B77774F2E69B6F1E782CECB9E79E3B147EFDF177DF7DF74DCB01C8BBDFFDEE71913E95F028CA0BB17634A0FB03E5861B6E18D86DFC810F7CC0E8F30C4FD1E8BF2FBCFCE52FAF7EF9CB5F6E16ADB3C9C46953555555FFFCCFFF5CEDB2CB2E5B3C18B0D96CB33A9E5727C9AFC4B3CDA873679EE4209F30ABAAAA8E3DF6D8818C3E97399D65BAC154479D2706EACB5EF6B2818E8E27A9EEBEFBEE298F3A4F1C7D7ED7BBDE35EEFAEFE86D7CD861870DF4F635FABC73469B0F3DF4D0EA924B2ED9E6D725CC0613C3BEDD6E57A79D769A80B6D9E65E3CAFA927D92D1DD679662895B38BBDFAD5AF4E928C8C8CECF0CF2CEB00979FB9A397AF5CA6934F3E3949363BD3E1F62A6BD49E74D24903D987E5CC6CFBEFBF7FF6DE7BEF711FDB91DBE495AF7CE5B8CBBBA33FEF8FFEE88F06721BD7EBF5DE3ABEC71C73CC406E13B6ACD168F4D60B3FEBACB372EDB5D7E659CF7A56EF4427CD667387EE6F33F5FF4CB3D9ECAD035DABD572F6D96767D5AA5539F8E0837BD76FE2193881D9F330EEBEDDA59E6417FB83610EE71266BFFBBBBF3BB027AF1252279C70C20EC75FB93CBBEEBA6B1EF7B8C70DE43296CB77FCF1C70F244E4BB81C75D45103F979E5F21D71C4114992AAAA76288ECAC1CC8B5FFCE281DDC6D371BF61CBB7DFF2E5CB73D55557E5ED6F7F7B6FFF4F3C1DFD5CF93FA79C91B4D56AE5A0830ECA8D37DE98B7BEF5AD03B9AF03D36ED77A128F52865A19417CFCE31F3F2E0477F4093249F6DE7BEFECB6DB6EE38270AAF6DB6FBFCD7EFE8E5EBEA54B970EE46796EFDD77DF7D077EFBF45FEF1DBD8DF7D9679F81DDC645B9DF38A3DCE023B378ED6B5F9BDB6FBF3D871F7E78EFEC7DE5F4D873F9FAF59FADF2A31FFD68FEFBBFFFBB77564E7FC98059CBE12D144B962C1948984EFC198B162DDAA1B82AA1F7D8C73E3649067E6AE83DF6D86360D77BD9B2650309C95AADD6FB19259EA71ABCFD3FABFF606150B771B9CE3379DAF3F9FFCC34362DE6CC33CFCCBFFDDBBFF5EEFB8D46635E8DF29751E876BB9D638F3D36AB57AFCE3EFBECD3BBAEC02CFC3FCA2E6098F54F8918B412B965347647473B77D965978145EE64F13C080B172E1CD8CF2A31BAD75E7B0D34CA06AD04B991E7C1DD46E5B6FF8FFFF88FFCE55FFE656FFFCED7982CD34F5AAD56F6D9679FDC7EFBED39E28823D26AB54CE100F10CC317E68F7AD4A306F2F3A62BCE06F9730739FA5AF69F281DCE70BEE8A28B72CA29A7F46EFF6198535EA671349BCDAC5CB9322F79C94BD26EB705348867182EFE9C0FDB17CE3FFCE10FF39CE73CA7B72AC530E95F59E4820B2EC8F39FFF7C73A0413C03C0985AADD60BC6AF7CE52B79E6339F99D1D1D1A10DC6FE0389EF7FFFFB79CA539E620A0788670018FF82CE4F7FFAD379D9CB5ED69BBA30D44FCE7D017DE59557E680030E308503C43300E2B9332DE31DEF78474E3DF554531426047479E1F135D75C93A4330DCC9AE2209E011842657EEF339EF18CBCFFFDEF1F17D38CEDA3D1D1D12C5AB428DFF9CE7792745E446B3F81780660989E7CFA46552FBCF0C2244655B7A4D96CA6DD6EE7B8E38ECB69A79D668780780660D894F9BCDFFDEE77B3DB6EBB7941DC23280715679F7D768E38E28879BDEE35886700E853A2EFD4534FCD8B5EF422F39CB7319EFB0F38920CE5527E209E0118BA082CD3353EFDE94FF73EC6363C61D7EB191D1DCD9E7BEE9977BEF39DF61D88670086219E93E4539FFA5412A3A7DBAB8CD09F71C61959BC78B1E5EB403C03305F9517BEAD58B122AF7FFDEB3B4F42C26FBB0F3ECAC8FDB9E79E9BC4594C413C03302F8D8E8E8E8BBED1D151A3CE53D068345255558E3FFEF81C75D451BD0313403C03304F94B87BEA539F9AA73FFDE9826F0795D1E78F7EF4A3E30E4C00F10CC03C8ABD0F7FF8C349929191113B65000723CF7DEE73F384273CC1C108886700E6CD134DBD9EAAAAB26CD9B2FCE66FFEA6D01B907200F2A10F7D2889B9CF209E019817CABCE633CF3CB3177DE63AEFB87200F28A57BC224B972EB5F206886700E6433897291BAF7DED6BC7451F3BBE6FCBE8F3DBDEF6B62471B21910CF00CC6525947FFFF77F3F89759D07ADC4F2EB5EF7BA2446F5413C0330A7955520DEF4A6372549AAAAB25306F924DE9DA6B1EFBEFBE6494F7AD2B8A006C43300732CECAAAA4AA3D1C871C71D27ECA64999BAF18637BC21895376837806604E2AA17CCA29A7F4224FD84DDF7E3EF5D453ED6710CF00CC5565E9B4D7BCE63576C6743E9177A76EECB9E79E79E2139F382EA801F10CC01CD0BFCAC6739EF31C4137CDCAD48DDFF88DDFE8ED7F403C033087E239490E38E080ECBEFBEE826E86F6F74B5EF292244E9802E2198039A58C321F7BECB149CCC39DF627F3EED48DE73DEF79492C0908E2198039A52C49574EC7CDCCC4F392254BB2DF7EFB2531D20FE2198039A3ACEFFCC217BE3089F9CE33B9CF5FF082178C0B6A403C03308B95506E369B59B66C5912A3A033A18CF61F7DF4D1F639886700E65AC4EDBBEFBEBD7F0BB999B362C58A71B703209E0198CD4F2CDDE902071F7CB0889B41E500A5C47399C601886700E640C41D7AE8A1492C9B3653CA7499830E3A68B3DB0210CF00CC72871D76581223CF33ADD96C66D1A245E219C43300734139B36099B621E06646AD56EB1DA83CE1094FE83CC95B7103C43300B35B09B8A54B97DA193BE9C0E5318F798C9D01E21980B914CF65EA0033BFEF9D121DC4330073407FAC9578367560E6397001F10CC01CB3C71E7BD8093BC992254BEC0410CF00CC258F7AD4A392586DC3810B88670078440B162CE83CD198B631E38C3C83780600B6D1AEBBEE6A2780780600B685A932209E0100403C03008078060000F10C0000E219000010CF0000209E0100403C03008078060000F10C0000E219000010CF0000209E0100403C03008078060000F10C0000E2190000C4330000209E0100403C03008078060000F10C0000E2190000C433000088670000403C03008078060000F10C0000E2190000C433000088670000403C03008078060000F10C0000E2190000C43300008867000010CF00008078060000F10C0000E2190000C43300008867000010CF00008078060000F10C0000E2190000C43300008867000010CF0000209E010000F10C0000E2190000C43300008867000010CF0000209E0100403C030000E2190000C43300008867000010CF0000209E0100403C030000E2190000C43300008867000010CF0000209E0100403C03008078060000C43300008867000010CF0000209E0100403C03008078060000F10C00008867000010CF0000209E0100403C03008078060000F10C0000886700009882A65D0033A356ABA556AB4DE9FB66E448BA5E4F5555F372FFCDE6EB05807806265155D594226EA6C2AFDD6ECFCAC82CC13CD5FD07008364DA064C632C27C9BA75EB9224A3A3A353FA39E5FBD6AE5D3B2D315D7E6EBBDD9EF2CF18191949923CF8E08303DF7FE5F24D75FFF5EFAF871F7E78460F4800987F8C3CC33469341A4992AF7DED6B79F0C107B3CB2EBB4C29DA6AB55A366EDC98254B968CFBB93BA27FFAC3E5975F9E56AB9566B339E5A8ACD56A59BF7E7D1EFFF8C777FE63693607B6FFCE39E79CAC5DBB7687F65FBBDDCEA64D9BF2E8473F7A60FB1000F10C4C83830F3E78565FBEC30E3B6CE03F7390F3B44B900380788621D06AB506324DA056AB4DCB88E9A02E5FD219D11DF40B1C0779F90631220E807806A6D16C9F22E0F201C0B6F38241000010CF0000209E0100403C03008078060000F10C0000E219000010CF0000209E0100403C03008078060000F10C0000E2190000C4330000209E0100403C03008078060000F10C0000E2190000C4330000209E0100403C03008078060000F10C0000E2190000C433000088670000403C03008078060000F10C0000E2190000C43300008867000010CF00008078060000F10C0000E2190000C43300008867000010CF00008078060000F10C0000E219A64555554992871F7ED8CE0000C4330000886718B08D1B372649DAEDB69DC136737F0110CF30941E78E0812449AD56B333D8666BD7AE75BF0110CF307CD6AC596327B0CDCA7CF9FBEEBBAFF39F69DD7FA700E2198620809ACD6692E4861B6E4892B45A2D3B866DB66EDDBA24469E01C4330C89123DD75E7BAD9DC176FBF9CF7F6E27008867183E575E79E5B898866D39E8BAECB2CB928C4DE300403CC3BC56A2E79A6BAEE93C28CC5D651B94E93EE57E63D50D00F10C43A1CC715EB972652F9E8D22B22D075C4972DB6DB76DF63100C4330C45089580F6A241B6E580EBE28B2F76C005209E61F82C58B02049F2F5AF7F7DB3A0862D1D707DE94B5F4A92341A0D3B05403CC3F0C5D037BFF9CD2463F359616B075B5FFBDAD71C6C018867183EE5CFF0FFFBBFFF9BAAAA52ABD50411932A2F0CBCF7DE7BAD0D0E209E61385555D5FBD3FB673FFBD924C9E8E8A81DC3160FB43EFEF18F27E98C423BD00210CF3074CABABD7FFFF77F9FC4D40D263FC82A5336CAFD4438038867184A6544F1F2CB2FCFBA75EB52ABD5ACDDCBA4F7918B2EBA286BD6AC49AD56F3170A00F10CC3A97F54F1031FF840EF635094BF469C76DA6949ACB201209E61C89551C40F7DE843BD3832FA4CFF7DE3CA2BAFCCA5975E3AEE63008867184A5555F546178D3ED3AFDC2FDEF296B78CFB3700E219865A99D7FADEF7BE374967F45940BB4F24C965975D961FFCE007E63A038867A028CBD68D8C8CF4E6B68A67F7872439F1C413938CADCC028078063276228C8F7CE423B9F5D65B53AFD78D340EF97DE1C31FFE7056AF5E9D7ABD6E1E3C807806FA4D36DAD86C368D400F6138371A8DDC7DF7DDF98BBFF88BDE7D0300F10C4CD06AB552ABD5F2D39FFEB477420C238EC3750055AF77FE8B7CEE739FDBF90FB35E17CF00E21978246F79CB5BF2B39FFD2C8D46A3F7E23186E7B65FB56A95650B0110CFF048FA471F9FF5AC6725B1F6F33068B7DBA9D56A39FFFCF3FDD50100F10CDB1B52F57A3DEBD6ADCB71C71DD779E0F8F3FDBCD56AB552AFD7F3E31FFF78DCEA1A6E6F00C4336C67407FF7BBDFCDC9279F2CA8E6F1EDDC683472E79D77E6A8A38E72A0048078861D09AB5AAD9673CF3D377FF2277F22A0E79932E2FCAB5FFD2A871E7A682F9C4DD700403CC3145555955AAD964F7CE213F9B33FFBB35E400BACB96D7474348D4623AB57AFCEFEFBEF9F75EBD6096700C4330C2AA093E4631FFB585EF9CA57761E484EA232676FCB76BB9D66B3991B6FBC318F7BDCE3B261C3062F0A05403CC3A0D56AB57CE94B5FCA739EF39C249D93A8B4DB6DD338E688320DA75EAFE7CB5FFE729EF8C427F646A02D4708807886012B53382EB9E492ECB5D75EF9D18F7E947ABD9E5AAD66147A961B1D1DED2D4178FAE9A7E7E52F7F79E73FC47A5D3803209E613A03BABCC8EC98638EC95FFDD55F25193B95B73FFDCFBE682EB7CF9A356BF2FCE73F3F679D75561273D70110CF3023CA327649F2DEF7BE374F79CA53F2939FFCA437256074745494CD82DBA84473927CE2139FC8D2A54B73E18517A656ABF50E8400403CC30CC55989E5ABAFBE3ACF78C63372CA29A7E4FEFBEF4FB3D9ECAD153C3A3A2AD26648D9DF497A0737575C71458E3EFAE8DE52838D46C3ED018078869D156BFDA3D0E79C734E962C59923FFDD33FCD5D77DD955AAD9666B3995AAD969191112F2E9CC6DB606464A4B7BF93E4861B6EC809279C90238F3C32975F7E796AB55A6AB59AF9CD008867D8D9CA148146A39124F9F8C73F9E65CB96E5A4934ECA15575C912459B060C1B81717F6C7B4A0DEFE581E1D1DCDE8E8686FF47FC182054992EF7DEF7BF9EDDFFEED1C72C821F9FAD7BF9E646C3EBAFD0C80788659A4D56AA556ABF542EE0B5FF8428E3CF2C82C5FBE3CEF7CE73B73D34D37F562AE3FA6FB83BA6C250E87D5C4FD313232D25BEDA45EAFA7D96CF6469957AF5E9DF7BFFFFD59B66C598E3DF6D85C70C105BDFD5C7E16004C552D89E11798EE075AAD9646A3B159B82D5BB62CCF7BDEF372C20927E4852F7C61F6DF7F7F3B6B3B3DF8E083B9E4924BF2C52F7E315FFFFAD773C71D776CB6DF5BAD9691E619BCAF977DDDFFB6BC3093E935323292050B16E4ACB3CECAE9A79F9E050B16646464C48E81016ADA0530FD26BE78ADD1686464642477DE7967CE3BEFBC9C77DE79BDF078C2139E90830F3E38871C7248962F5F9E458B16658F3DF6C8EEBBEF9E57BCE21543B5CF4A709D7BEEB9D9B06143D6AE5D9BB56BD7E6D65B6FCD35D75C93ABAEBA2A1B376EDCEC7B172C589056ABD59BD20100E219E6A876BBDD9B175DAFD77BD335CA54849B6EBA2937DD7453BEF5AD6F6DF6BD1B376ECCC2850B876224AFDD6EA7D168E4CE3BEFCCC9279FBCD5AF2D07246584D9481B00E219E6794897182E530D92B1D1D712850B172E1C9A7D53F6C7EEBBEF9EA4F302CCB29249D937E54596FDFB1100C4330C81FEF9A1FD21D83F877498F74B998661EE32003B93D5360000403C03008078060000F10C0000E2190000C433000088670000403C03008078060000F10C0000E2190000C43300008867000010CF00008078060000F10C0000E2190000C43300008867000010CF00008078060000F10C0000E2190000C43300008867000010CF0000209E010000F10C0000E2190000C43300008867000010CF0000209E0100403C030000E2190000C43300008867000010CF0000209E0100403C030000E2190000C43300008867000010CF0000209E0100403C03008078060000C43300008867000010CF0000209E0100403C03008078060000C43300008867000010CF0000209E0100403C03008078060000F10C00008867000010CF0000209E0100403C03008078060000F10C0000E219000010CF0000209E0100403C03008078060000F10C0000E219000010CF0000209E0100403C03008078060000F10C0000E2190000C4330000209E0100403C03008078060000F10C0000E2190000C4330000209E0100403C03008078060000F10C0000E2190000C433000088670000403C03008078060000F10C0000E2190000C43300008867000010CF00008078060000F10C0000E2190000C43300008867000010CF00008078060000F10C0000E2190000C43300008867000010CF0000209E010000F10C0000E2190000C43300008867000098739A760100D3A5AAAAB45AADD4EBF59DF2BB1B8D861B0110CF00CC0DB55A2DCDA6A71A403C03C016351A8DDC76DB6D59B870615AAD566AB5DA8CFEFEAAAAB271E3C61C78E0816E0C403C03303B5555952469B55A39E0800376FAE579E8A187B2DB6EBBA5AAAA190F78607EF2824100E6AD5D77DDD54E0006CAC83300D362678DF4D66AB5B4DBED9D7A1900F10C00DBA54CE100984F4CDB000000F10C0000E2190000C43300008867000010CF0000209E010000F10C0000E2190000C43300008867000010CF0000209E0100403C030000E2190000C43300008867000010CF0000209E0100403C030000E2190000C43300008867000010CF0000209E0100403C03008078060000C43300008867000010CF0000209E0100403C03008078060000F10C00008867000010CF0000209E0100403C03008078060000F10C00008867000010CF0000209E0100403C03008078060000F10C0000E219000010CF0000209E0100403C03008078060000F10C0000E219000010CF0000209E0100403C03008078060000F10C0000E2190000C4330000209E0100403C03008078060000F10C0000E2190000C433000088670000403C03008078060000F10C0000E2190000C433000088670000403C03008078060000F10C0000E2190000C43300008867000010CF00008078060000F10C0000E2190000C43300008867000010CF00008078060000F10C0000E2190000C43300008867000010CF0000209E010000F10C0000E2190000C43300008867000010CF0000209E0100403C030000E2190000C43300008867000010CF0000209E0100403C030000E2190000C43300008867000010CF0000209E0100403C03008078060000C43300008867000010CF0000209E0100403C03008078060000F10C00008867000010CF0000209E0100403C03008078060000F10C00008867000010CF0000209E0100403C03008078060000F10C0000E219000010CF0000209E0100403C03008078060000F10C0000E219000010CF0000209E0100403C03008078060000F10C0000E2190000C4330000209E0100403C03008078060000F10C0000E2190000C433000088670000403C03008078060000F10C0000E2190000C433000088670000403C03008078060000F10C0000E2190000C43300008867000010CF00008078060000F10C0000E2190000C43300008867000010CF00008078060000F10C0000E2190000C43300008867000010CF0000209E010000F10C0000E2190000C43300008867000010CF0000209E0100403C030000E2190000C43300008867000010CF0000209E0100403C030000E21900E6A55AAD662780780644006C9FAAAA86F27AB75A2D373E88676074743449D26EB787E63A6FDAB4C90DCF946DDCB871E81E3349F2C0030FB8F1413C030F3DF45092E11A8DDDB06143EF3A0FEB28223B1E91C3F6178C75EBD6B9F1413C032524874119297CF8E18787327E98BAFE83AC611D81BDFFFEFBDD11403C03252487893F3F3315E5606BCD9A35E30EC686E57ADF77DF7DEE04209E61385555957ABDF350BDFBEEBB872A0492E417BFF845E73FABBAFFAED8768D46234972C30D37F41E47C374BD6FBDF5D6A1BADE209E81F10FD46E380E530894EB78F5D55727316D83ED53EE2FD75E7BED501D6897EB5DFEAFB0EA068867100243769D4B04C0540EBEAEB9E69AA139F82AD779FDFAF5191919712700F10CFCEC673F1B9AEB5AFEFC7CE38D378E0B03D816656AD3CA952B9324CD667368AE73F96B4DBD5EF7B801F10CC3A9FCE9F5F2CB2F4F922C58B0605E3F29F6FFF9F9C73FFEF1B830806DBD0F25C92DB7DC92F5EBD70FC57DA85CE7EF7CE73BE30E4001F10C431B02BFF8C52F7A21309FE3B91C2C5C7FFDF54379621806F39829F1F8831FFC6028EE43E5FA5E70C105F3FEFF0810CFC03687C045175D342E30E7F3C142899E050B16B813B0FD4F70DD17DA7EF5AB5F9DF731D9BF2ACF25975CE28013C433303104E6F3D26DE5BA7DE52B5F71C33365E500F3F39FFF7CEF206CBE0674B9AE175E7861DAED766AB59A788669524BE2EF3A304782B2DD6EE7D18F7E74EF0408FD7383E78BFEEBD4FFD69FA099D2935CF7BE73D96597E5E8A38FCEC8C8C8BCFC4B46ABD54AA3D1C849279D942F7CE10B69369BBD294FC0809F8FED02981BCA68D2DAB56B7B2B08CCC7A91BE53A7DF9CB5FEE1D340867A6AAACB2F18FFFF88FE30EC8E6DB016799D6F5852F7C61DEFEDF00E2199872087CF2939F9CB7215022E09FFEE99F7AF10C5355465F3FF399CFA4AAAA349BCD79379DA15CC7CF7EF6B3BDC790034E983EA66DC05C7AC0F64D5FE87F3B5F22BADD6EA75EAF67CD9A3559BA74A91B9C811D748E8E8EE63DEF794FDEFBDEF7F6A638CC37FBECB34FEEBEFBEEDE142F607AD493981405734419394B92BFF99BBF49927935AFB11C10BCEB5DEF4A62950D0677509624EF7BDFFB92CCAF91D9323DE3AB5FFD6AEEBEFB6E2F1484E9375A4BF2409245F605CC9123DEEEA8D2A2458BF2C0030FF4A273AE8F3E9751E7FE25B7BC50904169341A69B55A39EDB4D372F6D967F7EE6F73FD60B33CEE972D5B96BBEEBACBA8334CBF07EB491E2E8F43FB03E64E643EF8E083F9F0873FDCFBD85C5722F98D6F7C632F768433837CDC249DBFD8DC76DB6DF32232CBA8F3073EF001E10C33F034D57DBBB196E4F624CBBB1FACD93730FBF58FC86ED8B021BBEEBAEB9C1E491B1D1D4DB3D9CCCD37DF9C830E3A68B3EB088350469F9FFAD4A7E68A2BAEE81DB4CDC5BFDA94C7FB7DF7DD973DF7DCD3630666269E6B496EEF1F7906E6CA23B86F69AA934F3EB9F7C43957AF4B99C7FDF297BF3C49E7055E2280416BB55AA9D56AB9F2CA2BF38E77BCA377FF9B8B8F9972A0FCEBBFFEEBBD03038F1998111BEB4936F615353087422049CE3FFFFC7CEE739F4BAD569B936BBB9627FCF7BCE73DB9EAAAAB52ABD59CDC816977E69967E67BDFFB5EEAF5FA9CBDBFBDF9CD6FCEB5D75E3B671FFB30D79EAE4A3CD792FC24C9D392B463DD679853FAFF4C7BE79D7766DF7DF79D53CB7095CB7AD96597E599CF7CE666D709A6FB7173E38D37E6E0830F9E338F9B32CDE4539FFA54DEF8C6377ABCC0CC299DFC63D336602E1F06F7FDF9F6E94F7F7ADAED761A8DC69C78D15089957BEEB927CF7EF6B393389B2033FFB859B162456EBFFDF6DE7CE8D9FE98A9D56A39F7DC737B2FAC0566DCB8691BC05C3C14EEBE70E8CE3BEFCCE1871FDE8BD0D91C02259C376EDC98152B56F4AE83950298C9C74D19693EF8E083B36AD5AADE81E76C3B802B97A7D168E4BCF3CE1BF73A07079BB073E2797D797CDA1F30B743E0BAEBAECBB39EF5ACDE13ED6C9CCB59C2F9E1871FCE8A152BB26EDD3AE1CCAC3888FBF6B7BF9D7ABD3EAB4E3452469B93E4FDEF7F7F5EF5AA570967D849C7B1DDB7EBEB4956DB1F303F42A056ABE5D24B2FCDC1071F9CF5EBD7A7D96CA6D56ACD8A27D9AAAA7A917FCB2DB7E4D77EEDD7E6CD7ABBCCEDC74D99C2F15BBFF55BBDB31096BFDEECACC74E19012FA3E3A79C724AEFCC9BC21976AA3BEB496EEBFEC31ACF30D70F8BBB4FB637DD7453962F5F9E952B57A6D168ECF4152C4AD8D7EBF57CF39BDFCC81071E98071E784038332BB4DBEDDEE8EEBBDFFDEE3CED694FCB1D77DC31EEB13353B1DA6EB77BD3986AB55A2EBEF8E2ECBDF7DE39E79C73C63DCE8119573AF9B6FE7806E6813292B66EDDBA3CED694FCB19679C91646CEDE4998CD512EC65F4ECCD6F7E738E3FFEF82411CECCBA03CF5AAD9646A391952B57E6B18F7D6C4E3FFDF4DE63A72C07371D215D55554647477BD15CAFD7B366CD9ABCFAD5AFCE739FFBDCDC7BEFBDBDB5D0819DEEF62479713AF338DADDB7369B6D1E6CF57ABDF7FE939FFCE4EAD24B2FADFA8D8C8C54ED76BB1AB476BB5D8D8C8C8CFBD837BEF18D6ABFFDF6EB5D9E5AADE636B2CDDAADD168F4DEDF7DF7DDABBFFDDBBFAD366DDAB4D9E3676464A46AB55ADBFD386AB7DB55ABD5AA366DDA548D8E8E8EFBDCBA75EBAAD34F3F7D8B8F659BCDB6D3B6D2C9BF992447A6B3E28680B6D9E6D956ABD5C63DF1BEE215AFA856AD5A35EEC97AD3A64D3B1CD2A3A3A3D5C8C8C8662170F9E597572F78C10B44806D4E3E76FA233A49F58637BCA1FAE94F7F3AE963A0C470793C4DDCCAE75AADD6A4DF7FD1451755279E78E21623DE66B3CD8A6D533AE746C9FE49EE11CF36DB708C4227A95EFCE21757DFFFFEF7277D122F4FF4FD236BFD5B7F0C4C1C612ECE3FFFFCEA694F7B9AD133DBBC88E866B339EE63FBECB34FF596B7BCA5FAD6B7BE55AD5FBF7E4A079CF7DD775FF58D6F7CA33AF5D453ABC58B176F16CDFE3A63B3CDCA51E77B92EC5F4BB26B926B923C21CE3208F35AB3D91CF7C2C1254B96E455AF7A555EF39AD7E498638EC982050BA6F4731F7CF0C15C7CF1C5F9CC673E932F7DE94B191919D9E2EF84B9A856ABA5D96C8EBB6F17CB972FCF61871D96152B5664C58A15D973CF3DB3E79E7B66B7DD76CB030F3C90F5EBD7E7EEBBEFCE75D75D979B6FBE39575E7965EEB9E79E491F9FB365751C609CD2C7372739BCBC72F047498E12CF301C1150CEA636F149FAD0430FCDF39FFFFCAC58B122871F7E78962F5F9E458B1665F1E2C5A9AA2A6BD7AECDFAF5EB73EBADB7E69A6BAEC9F5D75F9F1FFCE007B9F9E69B27FD1DA299F9A85EAFF74EA8B22327236A341ABD25F1BC7816E6443C5F9EE4E812CFE724F98324AD240DFB08862B0206F1E45D42602697F582D970305A96617CA4F597CBE7CB1ACE1E273067943E3E3FC98965ED9BABBB6F3D9261980EA5BB6BCAF647405956AE8C4CF73FC197B57027FBBA56AB35AB4F090ED3A13C468C1CC3FC7EA877DF5E9324259EAFEABE35650344C056BFA6BC150B000C893253E3EAFE58BE2E9D2169F10C000063CA94E66BFAE3F98E8C9D69D0701200008C75F15D497E51E2B99EE4A124ABBA9F34EF190000C6BAF8A624EB92D44B3C27C995E2190000365316D7A8F7CF71BED27E0100809E32A87C45F9407DC207DBB1CE330000A4AF8B7BCB3AD7333611FA9A2437A4B31C87170D020030CCAA6E17DF996465F763ED32F2DC4C3292E47FCA27EC2F0000865839F3D745491E4877C646BDAFAC93E4DBDDB7D67B06006098D526EBE389F17C49BACB70C4AA1B00000CA72A9DF9CE9B927CBFFBB1767F3CB7BBEFDF95E447FD5F0000004318CF49E78582ABD2F79AC0FEE919E5FDEF4CF82600001826ED6E0B7F371356A3AB4FF8A212CF552C590700C070AAA733DABCD9A0F2C478AEA573B294ABBAEFB7EC3B0000864899CEFCCB2497F67D6CB3784E3AA3CD2349CE9B58D900003024F19C245F4FB2B6DBC7D596E2B97CF117D37975614340030030444A1F9FB3B54FF6C7733DC9F5492E9C10D40000309F95165ED56DE1CDCEBC5DDF4A50FF73F71B6AF623000043A0CCB8F88F241B33C92C8CC9C2B87C6CD774D6B63BB0FB4DCE3A0800C07C0FE787921C9EE4966EFF3EE2C87309E50D493E9D4986AB0100609E6975BBF7CBDD706E4CD6C05B9A92514ECFBD6F926B923C3A469F010098BFCA7CE75F4F7251379E5B9345F2D6BEF9CE249F8AD1670000E6AF56B77DFF3BC9C5DDF7273DDFC9D65E0C58469FF74B725D9245DBF03D000030D79481E3E3D2392577634BF15CDF861F7247924FC6E8330000F34F1975FE7E379CB738EA9C3CF22872F9FCD27456DED83B96AF0300607EC5732DC98B92FC205B19754E1EF90580E54582F726797F2659AE030000E6703837D239BBF6238673B26D23C865A47961921FA5B3EE5D3B56DE000060EEAABADBC6244726B931DB304DB9BE8D3FB896E4E1246FE9FB450000305795C1E00F25B921DB38C3A2B11D65DE48F2F37456DF383AC9688C3E030030F794E91A5726796DB66370787B5EF857A66F2C49B232C901317D030080B9A5EA366C2DC90B92FC6FB661AE7351DFCE5F544B725F9237F4FD6253380000982BCAA8F3D9DB1BCEC9B64FDBE80FE8669255DDB72FCCD8DA78000030DBC3B999E49224AFC914CE633295F59A6B7DB1FCED24C7A633FFB9E9F6000060962A5335EE4FE7F57B37660ACB304F65C4B84CD768273925C94DDD70B6FE330000B351FF3CE7FFD30DE7C654FAB5BE0317A09EE497497E3FC98371FA6E000066A7325DE32F93FC67F7FDD6547E507D0017E2A7495E9DB1170E7A01210000B3C548B759FF25C907BBEF8F4EF5873576F0C2B4BB17E0BA24B724F9BD8C0D89D7DC560000EC44A3491624F9523AEB396FF71CE741C7737F40FF34C9AF92BC54400300B0938D74C3F98274A619B732803365370674E14A40FFB02FA093B1B5A1010060A69411E76F2579659287D31975DEE1E9C58D015EC876F7E75D9AE417497EA77B21AD030D00C04CA8FAC2F98B494E4AB2210398AE311DF15C2E7033C94F925C9DE48424BB74AF8480060060BA94386E26F9543A739C470719CE99A6A02D274CF9CF74CE175ED6811E759B0200300DCA4C877A9277257963C6A60F0F7429E5E99C8F5C8279BF24FF37C98BFB2EBC5168000006A10CDCAE4DF2FA740670CBFCE6812FA1DC98C62B52E640DF9FE473DD2BF1826EB09BC60100C08EB666E9D98B92BC3CC985D98113A0ECEC784EC6CE445825F96E3A2F267C4E92A5DD2B6C350E0000B6B72F5BDD8EADA573E293D724B93B333055B8314357B0D6FD5D3726F98F248F4E7254C646A1AD090D00C023E99FDB7C4D3A2F0AFCA7740665CB2A6FD3AA318357B6EAFEBEF549BE96E447499E9A6499880600E011A2B9D60DE40DE98C36BF2E9DB35C37FA5A73DA3566F88AF78F42DF90E433E94CEE3E32C91E221A008009D15C9AB596B1D36C9F93CE19041B9981D1E67E3B3350FBAFEC7E49FE22C9FFE94674D95975110D003054AA8C4DC3281DF8BF49FE3AC97F75FF5D5E1458CDF485DBD9615A86DF4B44AF48F227E90CC32F9970C421A40100E6AFB29844FFCC88EF26F9DB74A6FC961E2C5FBBD3E275369818D107A6330AFD47491ED7F77565893BCBDC0100CC7D6594B9D6D7771B925C90E49349BEBD8556DCA9D13A9B94302E4B8C2C49F2CA74961FF9F5BE9D5A962829A3D146A40100E6462CF74FCBE81F10BD299DB9CCFF9ECE6BE3665534CFD678EE8FE8DA841D756437A47F2FC9A113BEBECC7911D30000B32F98FB4F68D2EF9749BE99E4BC24FF93E4A1ADB4A078DEC6CB57CFD81C9824D925C931497E3BC96F2539229B4FE318EDFBFE5A4CF3000098E9502EF397FB7BB39DE46749BE9FCE7CE6FF49726FDFE79BDDAF69CFD62B38974668B77404F2D424CF4DF2C224CFCCF839D2997063B5337E64BA3607F70300C0CE0EE46AC2FB6529E2C9DC95E48749BE93CEE9B3AF9E10C78DBE56AB66FB959F8BD158EB0BE989A75FDCAD1BD34F49679AC753921C9464F976DE0926EE9BDA3CD86F00009335D096FE3D59133DD25FF37F95E4E674E62CFF34C915492E4B72FF84AF9B53C13CDF22B07F09BBC9E6C52CE9C6F3E1499EDC7D7B603AA7085F9264713A7F22000060EBDADD107EA0FBF6E67446927FD67D7B5B927BB6D26B55C60F5ACE39F36D04B53621A6B73667E65149F64EB2B4FB767992FDBBDBBEE99CAC6561925DD39967DDBF958F896E00602EDA9464E3846DE2C7D6A533E5E2F6247724599DCEFCE45F75B7B5DBD063650E74355F76DCFF0F49961335F45B24880000000049454E44AE426082, 0x89504E470D0A1A0A0000000D49484452000000C8000000C80806000000AD58AE9E000008734944415478DAEDDD6F4855671CC0F173D59AFD5933F185BD4EA74C586E710BD6D89BA6A225FD19B8396119B9122CC257BD9B4C8D214130EAC520961491D472AE35590C59102D71E034B6BD9E64060693957FF2DEEEBDCF9EE776B47BBDE778BDDEBFE79CEF0FBE38C6297B9E9E4FE75EAF7F346DF5E3926D977D2A6B97F5C87E978DCB9EC89EC966F5E6427AAE371F9247CFABF742CFA7E70F29E080FC31E633E84594BC2BCC63D27C0C3D3769CE20B3FF3F17729E8CFA573621FB5BF693EC6B5993AC4296A7A568726525B29F6582C842293C35B2FC64E168D6DF919FCD268BB67087FE319130AA64FFB1B964B33CFAC3B0B8E60A1B4936EFB790E7D42B9E1CD92FFAED884D24BB372D7B231624E020A735B5D20FDD5E010739B45FA301F9904D2287F7C57240F8681539BDE766383E677388827DB314C76B6C0A5158AF870229E11572A2B0B68702E9674388C21A0CFDD02E1B421459B602E26623880C7B4F0139C4461019D6A8807CC5461019D6A580DC6023880CFB410119B1F3225D2E177FD1267BC2DE446D54017962D743B061C30671F4E851D1D1D1210E1C3810F5D7ECDBB74F1C3F7E5CD4D5D545BD76F7EEDDA2ADAD4D9C387142E4E7E72F7B6D7979B968696911CDCDCDA2B8B8386D7B525454240E1E3C280E1F3E2C4E9E3C298E1D3B261A1B1BC5AE5DBB827B058888948DE03757B0E502D5040201B130172E5C30BDB6AFAF6FF15AF5F6C18307A6D7EED9B367F1F754D77A3C1ED36BABABABC5D2510735557BA00E7E4D4D4DD8FB0FDD13BFDFBFF8DFB76FDF165BB76E05C6AB948DE077B8B0DDE22E5FBE2C8CA6ACAC2CE25A7580420FCDC2D4D6D6465C9B9D9D1D76A816E6E2C58B11D7AE59B3463C7AF4C8F0CF91ECF567656505EF884B41441B9FCF271E3E7C088E97291BF65CDCAD5BB70C0F40575757C4B5478E1C31BCF6DEBD7B118FD30B0B0B83778CA5333737677A174B07903B77EE8878C6EBF58ACACA4A9EA7D87561FDFDFD867FF167CE9C89B8B6A9A969C540B66CD96208647676362380A83BC7DDBB7745A246DD85000210DB00E9ECEC8CE92155B4999F9F176BD7AE050840AC0FA4A2A242246B000210CB0331FAE041A2C6ED76030420D60562B686448D7AD80610805812887A627EE9D22591EC71E85D042076B883A462D46719000420003199EBD7AF030420D603B263C70E91AA0108402C07447D9A0B4000021093EEDFBF0F108000C4ACE1E16180000420000108400002108000042000010840000210800004200001084000021080000420000108400002108000042000010840000210800004200001084000021080000420000108400002108000042000010840000210800004200001084000021080580C487B7B7BC4B5EAC73E1B8DFA397F4BAF553F6DC908C8CCCC0C4000627D2099320001084000021080000420000108400002108000042000010840000210800004200001084000021080000420000108400002108000C4E2DDBC79132000018859D7AE5D0308400062D6B973E73216C7D3A74F010290F456505090B1404A4B4B23BE521120004979EA5FEA4C1BBFDF1FC4CB1D042069AFBEBE3EE380747575257C9D0001C8AA535F579E29333D3D9D9435020420AB6EFDFAF5C16FA890EE51DFE821D10FAD00029084F5F8F1E3B4E1F07ABDA2A4A424696B03084012D2C0C080080402293B4CEA7D8D8F8F277D5D000148C22A2C2C14DDDDDD493F4843434349BD6B000420494FBD1E515555157C5131DE3B8BFAF57BF7EE156EB73BF8BC2795EB000840925A6363634280A4EBCF0F10800004200001084000021080000420000108400002108000042000010840000210800004200001084000021080000420000108400002108000042000010840000210800004200001084000021080000420000108400002108000042000010840000210800004200001084000021080000420000108400002108000042000010840000210800004200001485A6A6D6D1567CF9E5DB6D3A74F030420CE04B2D2000210800004200001084000021080000420000108400002108000042000010840000210800004200001084000021080000420000108400002108000042000010840000210800004200001084000021080000420000108400002108000042000010840000210800004200001084000021080000420000108400002108000042000010840000210800004200001084000021080000420000108400002108000042000010840000210800004200001084000021080000420000108400002108000042000010840000210800004200001084000021080000420000108400002108000042000B10710BFDF0F108000C4A8868686B881A85F0F1080D8B26DDBB6C57D703C1E0F400062DFE29DF3E7CF67F4FA727272C4C4C4445C6B6C6F6F0788531B1A1A8AEBF064656565FC1A474646E27A08595F5FEF48202F00A289E2E262E1F3F9567578C6C7C72D0124DE3BA503CF85B2A13D03C8CB7A7A7A5675700A0A0A2CB13E97CB25F6EFDFBFAA35E6E5E539F14C281BDA24385E353A3A1AD3C1A9ABABB3CCDD63A1E6E6E698D6B873E74EA79E0765431B064678BDBDBD511F6E4D4D4D89D2D252CBE15868E3C68D626C6CCC747D6AFDEA1F0B879F851105E43B5084A70E7D6E6EAEB87AF56AC4C199999911B5B5B5B65867767676F0EDA953A7C4E0E0A0989C9C14030303A2A5A565711F1C7E167A159036502CDFA64D9BC4E6CD9BC5BA75EBD80F67D5A1807CCC4610451490D52B206FB3194486BDABE9C3661019BC48B830DFB2194461DD08055224F3B12944C1FCB2B250202E80108595A32D9977D814A260959AC164C9FE6473C8E1FDA35B301D36899CDCB238D4BCCF269143FB4C5BE17CC46691C36AD5629C0FD834724887B438E62F36906CDA989680514F5ADCFA8B277E36956CF022A07A5BBD9227E4B1427953D6BDE4331ED974B24ADFCBDE327A113019532EFB44F6A5FE792B7FE85FA238ADF18D2028F579B5975F433EA97F25609FAC53D620DBBEDA43FE3F5E74D6601C5534DF0000000049454E44AE426082),
(4, 101, 0x89504E470D0A1A0A0000000D49484452000002CF000002D008060000006FF29DF9000037454944415478DAEDDD7D949C6561FFFFCF3C243C18122550081114212288820AF8549FC0B652B1956AB150ABF2558F3FDB636D0FFE6A518FDA8A824AADD6D6D6D66ABFF65741D41E7C44ADD52A050451C3B34040100808181220846477E6FEFD3173CDCE6E3621D9CC6E76775EAF73EEB39B7D9CB96726F3BEAFBDE6BA6B99BF6ADDADDEFD7795A4B595AFDF2DC95E7DDB7E49F64FB23CC9E2240B93EC3261EBFF58B3FBFBFA7FFF7C7E7F267F275B56D90543B37FAA69F85A3FD3F5717D86EB67D6928C26D9D8B76D9AF0EF8D491E4A7277925F24B9BDFBFEBDDDB7EB1FA1BD1ADDF7DBDDDF3BEF9EA7E65BA0D4FBAE536B0B9FDF2FC981498E4872689203922C4BF2986E2497500600A0D354EB92DC9FE4BE247726599DE49624D725B9BEFBEFFB26F9DE465FC0CF8B98AECD83CB5F46975B136E906692272439ACBB3D3DC98A24072579D4361CA1555B38B2AB0DC141C87CBD4E00DBC25F7418C6FBF9D67AA7BE0D3FEFAE243F4FF293249725B922C90D49364CF8BA66F777B5E7EA63AD36472F73D9268E2E1F92E498242F4AF2AC6E282FDCC21DA635E1E725934F49000010DBE30716ABBEB09E2CAEDB496E4BF2C324DF4B727192AB2704F3C4291EE2791A2E6B239DB93AC5C27446947F2BC94B923C2D9DF9C7FDCA88746DC20600C0E0E2BADDD75C8D497AECDA24DF4AF28D2497A633B7BA6876BFBF2D9E775C99C7DC3FCA7C54925726F99D74E62D4F16CB75A10C00B0D362BA04F56431BD2AC937937C3EC945191B796EF47D9F78DE4E1377DE7E494E4AF2AA24CFECBBEC650A8658060098FD31DD98D06B972739AFBBDDDAFDD86483A7E2792BD1DC3FF7E59824AF4F67A479CFBEAF1BCD96E7D90000307B95D6EB1F91BE3FC917937C329D171D9656ADCFA6889E4DF15CEFDB9949F2C2247F9EE46519BFFC9C79CB0000F337A4DB492E48F29124DFDD42270E753C4F3CA2787192FF37C96FF67DCD68361FE2070060FEE89FD6517C33C987D259B123E9BCB070E2F2C44315CF8DBE683E32C9BB92BC622B3B100080F9AFFFF56C49673AC77BD259B1636243CE78BCEEAC68AF77E3F8D7927C20C93F26796A5F349BCF0C00309CFA5F30584BF2E424AF4DB27B921F2779786775ECCE1879EE3F527855920F26795CDF518691660000FAF537E2F549FE2C9D291D13DB7246AA7E2643BD5CB9FDD3598EE4DC6E388F66F3575C02004009E4AADB8C87A4F382C28F2759DC6DCBE64C06ED4C457A59DFEFC4247F9FCEBACD6528DEF40C0000B645BBAF2FAF496749E34BB3F972C7D356F13371A4D04EB220C9DF24F9DB247B748F1C9AB182060000DBAE2C593C9A64DF247F98E457497E94B141D9690BE8E98EE7B29CC87E49BE94E4944CBE283600006C8FB2F8C4C22427747BF31B195BAD6D5A027A3A477D9BDD238263927C2EC941191B6D06008041A83236EFF9DB494E4EB226D3F442C2E98AE712CE2FEB86F3A25849030080E9530669AF4AF27B4956F535E9AC8EE77221FF28C967FAAA5F3803003013017D6B929724F9D9A0037AD0AB5C940BF7C7493E9BB1B928C2190080E9565E6FF7B824FF95E4F06E9B0EAC456B03BEB0A349DE94E49FBAD15C8BD5340000985965D6C31D495E94E4C60C680EF4A0C2B684F36B92FCDF58BF190080D911D03724794192BB32362B62A7C673FF8B03BF9CCE2B1E8D380300B0B39539D0972579719207BB8D3AE580DED1F91F65F8FBC8245F4F679DBDC4883300003B5FBD1BD0FB273934C9B9D9C135A01B3B7861DAE99CD9E5DB49F68917070200303B03FAB074469DBF9BCE68F494469FA71ABA653E733DC9F9499E1ECBD10100303BD5BAAD7A6C922B935C9B298E404F757A4599AEF1BEEE8518E81220000030E078AE7763F953490EE8B66C7D2A3F68AAE1FCDBE9CC732EE1EC05820000CC6665A6C47F27F98D8C4D43DEE611E8ED1D2D2E81BC77926FA473DA6D4BD201003017D4BB017D503A2B6F5C94ED9CBEB1BDA3C565D4F9FF4BF28731CF190080B9A5EA6E1B931C916455B663F9BAED19312EE1FC72E10C00C01C55EBC6F36E49FE2EDB798E92C676FC92245992E4AB49F698F0710000982BCAF48D27A67306C22BB38DD337EADBF10BDA49DE9EE4B199E2AB13010060962823D067A633305C46A0B76A5B469ECBB21E8724F974F77BEA31EA0C00C0DC8EE77692C7A4F3E2C11F641B469FB72580CBA8F37F263931E63A0300303F94170FAE4DF2942477E6115E3CF84811DCE87EF3B3927CA8FBC385330000F34109E54775DFFF56C6665D6CF11BB6A68C3A7F2DC94B63D4190080F9A5DD6DE275490E4DF2CB6C65F4796B2FFA2BA3CECF49E76C82ED7891200000F34B192C7E7492FF278FF0C2C1ADC57019AEFE8B8CBD1AD18B040100986F4AEBBE299D1710B6B6D4BD5B8AE7F24AC3C3921C1F739D010098BFCAE8F3BE495EB5B54E7EA491E7372559D8AD6F000098CFAA246FE88BE9CDD4B6F0B12AC95E49AE4BB2742B5F0B0000F34579F1E00B33B6EEF3B841E4C9469ECBF48C577603BA2D9C01001802E5357EAFDFD2174C16CFA5AEFF30DB707E6F000098274A1BBF349DD9179BBD70B03EC93754E99C61E5D95B096C0000986F6ADD605E9AE425DD8F351E299E93E40F3236C7C3940D0000864995E4A4EEFBED89753DF1DF8D243F4D72789C18050080E10BE75A9207923C31C95D195B50635C18F74FD938ACFBBE7006006098945373EF91CE99B6C735F3C4784E9213BAEF5BDB19008061D44E6720F9B8899FE88FE732BFF9A57DD50D0000C3A6DE6DE11764C25ACFF5BEB75592C72779EA24610D0000C3A20C221FD2DD7A6D5C9FF005CF4EB25BACB20100C070C7732B49339DD1E7CDE2B938B6FBD6C95100001866A5878FEBFF77BDAFAC1724796E7F590300C0902A274779763A2B6FB492D44A3C27C981490EEEBE6FCA060000C3ACACEDBC5F3A4B392749BD9EB151E623D399D761BE3300008CADB2716809EAFEE9194777DF9AEF0C000063CA6A74A967EC7CDD259E8D3A0300C0581797691BED12CF8B93AC10CF0000B0593C1F9464F712CF496722F4BEDDF7ADB4010000635DBC3CC963FB3FF0C48C9FC201000074FAB891E449FDF17C68DF27010080F17DFCE4FE787E52F7ADF9CE000030A636593CEF6FBF0000C016E3F9F1259E6B49F699F049000060CC5E499AF5248FEE6EE2190000C62B7DBC38C99EF5247B275962BF0000C0162D49B2573D9D21E84513CA1A000018EBE3DD932CAD2759D6FDA065EA00006073A593F7A9C74A1B0000B02DF66FF6C573657FC0E46AB55A6AB55A1A8DC6B88F57559556AB95AAAA66CD65ACD7EB6387C9ED76AAAA9A3597AFD168A4561B3F3BACECBF9D7D19FBF75FB98C5555A5DD6EA7DDF687B9F9FED84E32EEB13351B90FCC96C71330E3CA037F797F3C031394902A81B7A5886A341A5BFDFC745FC67ABD9ED1D1D12D5E8666B3B9D322B07F1F8E8E8E6EF1EB9ACDE6563F3FDD51BFB5FD572EDF6C395062C70FE0FA0F8CCA6DBA3D8F8F66B3D9FB99B3E5001098118F6D666CA50D2F16840941DC6AB57AFF3EE4904372D4514765D9B26559B8706156AF5E9D952B5766E5CA95BDAFABD7EB3316A865C4AC3F8A172F5E9CE5CB97679F7DF6C9BDF7DE9BD5AB5767CD9A35BD289DC9CB37D9EF3BEAA8A372D4514765BFFDF6CB860D1BF2F39FFF3C175E7861EEB8E38EDE659CB8DF67E2362EBF7BF9F2E539F4D043B37CF9F28C8C8CE4D65B6FCDD5575F9D75EBD6ED94CBC7601E238D4623232323A9AA6AD203B4850B1766EFBDF7CEA2458BB278F1E22C5EBC388B162DCAA64D9B72FFFDF7E781071EC8FDF7DF9FB56BD766EDDAB54932E9CF59B060C1ACFA6B1430D8FF52BA6FF74C92FF496728BAD57D6BB3D9BADB6EBBED567DF0831FAC7EF5AB5F555BF2D0430F55FFF22FFF52EDB5D75EBDEFABD56AD37AB9FA7FFED2A54BAB8F7CE423D52DB7DC32E9E5BBEDB6DBAABFFBBBBFAB962E5D3A6397AF7F5BB26449F50FFFF00FD5A64D9BB6B80F57AD5A55FDC11FFCC14EB97CBBEEBA6BF5BEF7BDAFBAE38E3BB678F9AEBFFEFAEA4D6F7AD34EB97CB6EDDFEAF57AB560C182493F77C41147546F7DEB5BAB73CE39A7FAC94F7E52DD7BEFBDD5F6D8B87163B56AD5AAEADBDFFE76F5C10F7EB03AE18413AAC58B174F7A199ACDA6FB8ACD367FB6D2C9DF4F921F8A679B6DF3283AE59453367BE21C1919A9366DDA546DDAB4A91A1919D9ECF37FFEE77F3EED81D5FF73CF3CF3CCCD2E43BBDDAE464747AB76BBBDD9E7DEFDEE77CF68009E74D249DBB50F7FF4A31F558B162D9AB1FD77EAA9A76E76F95AAD56353232528D8C8C54AD566BDCE7EEB9E79EEAE8A38FF65899A58FDD66B3B9D9C757AC5851FDF55FFF7575F1C5173F6218B7DBEDDEE3A7D56A55AD56ABF7589AECF1D4EFF6DB6FAFCE39E79CEAC4134FDCECBEDB6834AA7ABDEE76B2D9E6473CFF3049568A679B6DFCF6918F7C645CEC4D8CA889B1D53FAAFAB9CF7D6EDA02B5FF09F8B2CB2EEBFDCE4D9B3655AD566BB327F876BBBDD9E5FBAFFFFAAF1909E8B7BFFDEDE3F6E1D6E2A33FF6376CD8D01BC59FCEE0F8D77FFDD76DBA8DCB3EEC0FFDD7BDEE7546A06751344F1C655EB1624575C619676CF1AF31E5C0ADDCEE8F14C693DD17CA41E0E8E8E8A45F7BFEF9E757BFF33BBFB3D9E35744DB6C733E9E5726C975DD7FB4ED18DBB0FFA93749F5B6B7BD6D5C186FAB326255555575F6D9670F3CAEFA7FD60F7FF8C36D8AD22D5DBECF7FFEF3D3B20F1B8D4695A47AE94B5F3AA57D5822FF8E3BEE98D6C02F23F62586B6557F403FEF79CF1B779D6D33BF4DDCF7C71F7F7C75E9A5976E3196B7F5B1B2BDFA0F5227C6F4C68D1BABB3CE3AAB7ACC631E33EEFF1A075E36DB9CDB4A275F97243F17CFB661DFCA9F7B9FF4A4278D7B429CEA93687F5C4DF6A7E41D89FB33CE38635C686EAFF2E47ED249270D34FEFA63A0ECBBED09D38901FDB18F7D6CA0A3CFE57678FAD39FBE43B771FF7532077AE71EE896ED8FFFF88FABDB6EBB6DB3FBD154EE7F838AE9C962FDDFFFFDDFAB030F3C705CFCBBEFD86C732E9E7F9E24ABC5B3CDD6D9CAA8D564F399B77774F2E69B6F1E782CECB9E79E3B147EFDF177DF7DF74DCB01C8BBDFFDEE71913E95F028CA0BB17634A0FB03E5861B6E18D86DFC810F7CC0E8F30C4FD1E8BF2FBCFCE52FAF7EF9CB5F6E16ADB3C9C46953555555FFFCCFFF5CEDB2CB2E5B3C18B0D96CB33A9E5727C9AFC4B3CDA873679EE4209F30ABAAAA8E3DF6D8818C3E97399D65BAC154479D2706EACB5EF6B2818E8E27A9EEBEFBEE298F3A4F1C7D7ED7BBDE35EEFAEFE86D7CD861870DF4F635FABC73469B0F3DF4D0EA924B2ED9E6D725CC0613C3BEDD6E57A79D769A80B6D9E65E3CAFA927D92D1DD679662895B38BBDFAD5AF4E928C8C8CECF0CF2CEB00979FB9A397AF5CA6934F3E3949363BD3E1F62A6BD49E74D24903D987E5CC6CFBEFBF7FF6DE7BEF711FDB91DBE495AF7CE5B8CBBBA33FEF8FFEE88F06721BD7EBF5DE3ABEC71C73CC406E13B6ACD168F4D60B3FEBACB372EDB5D7E659CF7A56EF4427CD667387EE6F33F5FF4CB3D9ECAD035DABD572F6D96767D5AA5539F8E0837BD76FE2193881D9F330EEBEDDA59E6417FB83610EE71266BFFBBBBF3BB027AF1252279C70C20EC75FB93CBBEEBA6B1EF7B8C70DE43296CB77FCF1C70F244E4BB81C75D45103F979E5F21D71C4114992AAAA76288ECAC1CC8B5FFCE281DDC6D371BF61CBB7DFF2E5CB73D55557E5ED6F7F7B6FFF4F3C1DFD5CF93FA79C91B4D56AE5A0830ECA8D37DE98B7BEF5AD03B9AF03D36ED77A128F52865A19417CFCE31F3F2E0477F4093249F6DE7BEFECB6DB6EE38270AAF6DB6FBFCD7EFE8E5EBEA54B970EE46796EFDD77DF7D077EFBF45FEF1DBD8DF7D9679F81DDC645B9DF38A3DCE023B378ED6B5F9BDB6FBF3D871F7E78EFEC7DE5F4D873F9FAF59FADF2A31FFD68FEFBBFFFBB77564E7FC98059CBE12D144B962C1948984EFC198B162DDAA1B82AA1F7D8C73E3649067E6AE83DF6D86360D77BD9B2650309C95AADD6FB19259EA71ABCFD3FABFF606150B771B9CE3379DAF3F9FFCC34362DE6CC33CFCCBFFDDBBFF5EEFB8D46635E8DF29751E876BB9D638F3D36AB57AFCE3EFBECD3BBAEC02CFC3FCA2E6098F54F8918B412B965347647473B77D965978145EE64F13C080B172E1CD8CF2A31BAD75E7B0D34CA06AD04B991E7C1DD46E5B6FF8FFFF88FFCE55FFE656FFFCED7982CD34F5AAD56F6D9679FDC7EFBED39E28823D26AB54CE100F10CC317E68F7AD4A306F2F3A62BCE06F9730739FA5AF69F281DCE70BEE8A28B72CA29A7F46EFF6198535EA671349BCDAC5CB9322F79C94BD26EB705348867182EFE9C0FDB17CE3FFCE10FF39CE73CA7B72AC530E95F59E4820B2EC8F39FFF7C73A0413C03C0985AADD60BC6AF7CE52B79E6339F99D1D1D1A10DC6FE0389EF7FFFFB79CA539E620A0788670018FF82CE4F7FFAD379D9CB5ED69BBA30D44FCE7D017DE59557E680030E308503C43300E2B9332DE31DEF78474E3DF554531426047479E1F135D75C93A4330DCC9AE2209E011842657EEF339EF18CBCFFFDEF1F17D38CEDA3D1D1D12C5AB428DFF9CE7792745E446B3F81780660989E7CFA46552FBCF0C2244655B7A4D96CA6DD6EE7B8E38ECB69A79D668780780660D894F9BCDFFDEE77B3DB6EBB7941DC23280715679F7D768E38E28879BDEE35886700E853A2EFD4534FCD8B5EF422F39CB7319EFB0F38920CE5527E209E0118BA082CD3353EFDE94FF73EC6363C61D7EB191D1DCD9E7BEE9977BEF39DF61D88670086219E93E4539FFA5412A3A7DBAB8CD09F71C61959BC78B1E5EB403C03305F9517BEAD58B122AF7FFDEB3B4F42C26FBB0F3ECAC8FDB9E79E9BC4594C413C03302F8D8E8E8E8BBED1D151A3CE53D068345255558E3FFEF81C75D451BD0313403C03304F94B87BEA539F9AA73FFDE9826F0795D1E78F7EF4A3E30E4C00F10CC03C8ABD0F7FF8C349929191113B65000723CF7DEE73F384273CC1C108886700E6CD134DBD9EAAAAB26CD9B2FCE66FFEA6D01B907200F2A10F7D2889B9CF209E019817CABCE633CF3CB3177DE63AEFB87200F28A57BC224B972EB5F206886700E6433897291BAF7DED6BC7451F3BBE6FCBE8F3DBDEF6B62471B21910CF00CC6525947FFFF77F3F89759D07ADC4F2EB5EF7BA2446F5413C0330A7955520DEF4A6372549AAAAB25306F924DE9DA6B1EFBEFBE6494F7AD2B8A006C43300732CECAAAA4AA3D1C871C71D27ECA64999BAF18637BC21895376837806604E2AA17CCA29A7F4224FD84DDF7E3EF5D453ED6710CF00CC5565E9B4D7BCE63576C6743E9177A76EECB9E79E79E2139F382EA801F10CC01CD0BFCAC6739EF31C4137CDCAD48DDFF88DDFE8ED7F403C033087E239490E38E080ECBEFBEE826E86F6F74B5EF292244E9802E2198039A58C321F7BECB149CCC39DF627F3EED48DE73DEF79492C0908E2198039A52C49574EC7CDCCC4F392254BB2DF7EFB2531D20FE2198039A3ACEFFCC217BE3089F9CE33B9CF5FF082178C0B6A403C03308B95506E369B59B66C5912A3A033A18CF61F7DF4D1F639886700E65AC4EDBBEFBEBD7F0BB999B362C58A71B703209E0198CD4F2CDDE902071F7CB0889B41E500A5C47399C601886700E640C41D7AE8A1492C9B3653CA7499830E3A68B3DB0210CF00CC72871D76581223CF33ADD96C66D1A245E219C43300734139B36099B621E06646AD56EB1DA83CE1094FE83CC95B7103C43300B35B09B8A54B97DA193BE9C0E5318F798C9D01E21980B914CF65EA0033BFEF9D121DC4330073407FAC9578367560E6397001F10CC01CB3C71E7BD8093BC992254BEC0410CF00CC258F7AD4A392586DC3810B88670078440B162CE83CD198B631E38C3C83780600B6D1AEBBEE6A2780780600B685A932209E0100403C03008078060000F10C0000E219000010CF0000209E0100403C03008078060000F10C0000E219000010CF0000209E0100403C03008078060000F10C0000E2190000C4330000209E0100403C03008078060000F10C0000E2190000C433000088670000403C03008078060000F10C0000E2190000C433000088670000403C03008078060000F10C0000E2190000C43300008867000010CF00008078060000F10C0000E2190000C43300008867000010CF00008078060000F10C0000E2190000C43300008867000010CF0000209E010000F10C0000E2190000C43300008867000010CF0000209E0100403C030000E2190000C43300008867000010CF0000209E0100403C030000E2190000C43300008867000010CF0000209E0100403C03008078060000C43300008867000010CF0000209E0100403C03008078060000F10C00008867000010CF0000209E0100403C03008078060000F10C0000886700009882A65D0033A356ABA556AB4DE9FB66E448BA5E4F5555F372FFCDE6EB05807806265155D594226EA6C2AFDD6ECFCAC82CC13CD5FD07008364DA064C632C27C9BA75EB9224A3A3A353FA39E5FBD6AE5D3B2D315D7E6EBBDD9EF2CF18191949923CF8E08303DF7FE5F24D75FFF5EFAF871F7E78460F4800987F8C3CC33469341A4992AF7DED6B79F0C107B3CB2EBB4C29DA6AB55A366EDC98254B968CFBB93BA27FFAC3E5975F9E56AB9566B339E5A8ACD56A59BF7E7D1EFFF8C777FE63693607B6FFCE39E79CAC5DBB7687F65FBBDDCEA64D9BF2E8473F7A60FB1000F10C4C83830F3E78565FBEC30E3B6CE03F7390F3B44B900380788621D06AB506324DA056AB4DCB88E9A02E5FD219D11DF40B1C0779F90631220E807806A6D16C9F22E0F201C0B6F38241000010CF0000209E0100403C03008078060000F10C0000E219000010CF0000209E0100403C03008078060000F10C0000E2190000C4330000209E0100403C03008078060000F10C0000E2190000C4330000209E0100403C03008078060000F10C0000E2190000C433000088670000403C03008078060000F10C0000E2190000C43300008867000010CF00008078060000F10C0000E2190000C43300008867000010CF00008078060000F10C0000E219A64555554992871F7ED8CE0000C4330000886718B08D1B372649DAEDB69DC136737F0110CF30941E78E0812449AD56B333D8666BD7AE75BF0110CF307CD6AC596327B0CDCA7CF9FBEEBBAFF39F69DD7FA700E2198620809ACD6692E4861B6E4892B45A2D3B866DB66EDDBA24469E01C4330C89123DD75E7BAD9DC176FBF9CF7F6E27008867183E575E79E5B898866D39E8BAECB2CB928C4DE300403CC3BC56A2E79A6BAEE93C28CC5D651B94E93EE57E63D50D00F10C43A1CC715EB972652F9E8D22B22D075C4972DB6DB76DF63100C4330C45089580F6A241B6E580EBE28B2F76C005209E61F82C58B02049F2F5AF7F7DB3A0862D1D707DE94B5F4A92341A0D3B05403CC3F0C5D037BFF9CD2463F359616B075B5FFBDAD71C6C018867183EE5CFF0FFFBBFFF9BAAAA52ABD50411932A2F0CBCF7DE7BAD0D0E209E61385555D5FBD3FB673FFBD924C9E8E8A81DC3160FB43EFEF18F27E98C423BD00210CF3074CABABD7FFFF77F9FC4D40D263FC82A5336CAFD4438038867184A6544F1F2CB2FCFBA75EB52ABD5ACDDCBA4F7918B2EBA286BD6AC49AD56F3170A00F10CC3A97F54F1031FF840EF635094BF469C76DA6949ACB201209E61C89551C40F7DE843BD3832FA4CFF7DE3CA2BAFCCA5975E3AEE63008867184A5555F546178D3ED3AFDC2FDEF296B78CFB3700E219865A99D7FADEF7BE374967F45940BB4F24C965975D961FFCE007E63A038867A028CBD68D8C8CF4E6B68A67F7872439F1C413938CADCC028078063276228C8F7CE423B9F5D65B53AFD78D340EF97DE1C31FFE7056AF5E9D7ABD6E1E3C807806FA4D36DAD86C368D400F6138371A8DDC7DF7DDF98BBFF88BDE7D0300F10C4CD06AB552ABD5F2D39FFEB477420C238EC3750055AF77FE8B7CEE739FDBF90FB35E17CF00E21978246F79CB5BF2B39FFD2C8D46A3F7E23186E7B65FB56A95650B0110CFF048FA471F9FF5AC6725B1F6F33068B7DBA9D56A39FFFCF3FDD50100F10CDB1B52F57A3DEBD6ADCB71C71DD779E0F8F3FDBCD56AB552AFD7F3E31FFF78DCEA1A6E6F00C4336C67407FF7BBDFCDC9279F2CA8E6F1EDDC683472E79D77E6A8A38E72A0048078861D09AB5AAD9673CF3D377FF2277F22A0E79932E2FCAB5FFD2A871E7A682F9C4DD700403CC3145555955AAD964F7CE213F9B33FFBB35E400BACB96D7474348D4623AB57AFCEFEFBEF9F75EBD6096700C4330C2AA093E4631FFB585EF9CA57761E484EA232676FCB76BB9D66B3991B6FBC318F7BDCE3B261C3062F0A05403CC3A0D56AB57CE94B5FCA739EF39C249D93A8B4DB6DD338E688320DA75EAFE7CB5FFE729EF8C427F646A02D4708807886012B53382EB9E492ECB5D75EF9D18F7E947ABD9E5AAD66147A961B1D1DED2D4178FAE9A7E7E52F7F79E73FC47A5D3803209E613A03BABCC8EC98638EC95FFDD55F25193B95B73FFDCFBE682EB7CF9A356BF2FCE73F3F679D75561273D70110CF3023CA327649F2DEF7BE374F79CA53F2939FFCA437256074745494CD82DBA84473927CE2139FC8D2A54B73E18517A656ABF50E8400403CC30CC55989E5ABAFBE3ACF78C63372CA29A7E4FEFBEF4FB3D9ECAD153C3A3A2AD26648D9DF497A0737575C71458E3EFAE8DE52838D46C3ED018078869D156BFDA3D0E79C734E962C59923FFDD33FCD5D77DD955AAD9666B3995AAD969191112F2E9CC6DB606464A4B7BF93E4861B6EC809279C90238F3C32975F7E796AB55A6AB59AF9CD008867D8D9CA148146A39124F9F8C73F9E65CB96E5A4934ECA15575C912459B060C1B81717F6C7B4A0DEFE581E1D1DCDE8E8686FF47FC182054992EF7DEF7BF9EDDFFEED1C72C821F9FAD7BF9E646C3EBAFD0C80788659A4D56AA556ABF542EE0B5FF8428E3CF2C82C5FBE3CEF7CE73B73D34D37F562AE3FA6FB83BA6C250E87D5C4FD313232D25BEDA45EAFA7D96CF6469957AF5E9DF7BFFFFD59B66C598E3DF6D85C70C105BDFD5C7E16004C552D89E11798EE075AAD9646A3B159B82D5BB62CCF7BDEF372C20927E4852F7C61F6DF7F7F3B6B3B3DF8E083B9E4924BF2C52F7E315FFFFAD773C71D776CB6DF5BAD9691E619BCAF977DDDFFB6BC3093E935323292050B16E4ACB3CECAE9A79F9E050B16646464C48E81016ADA0530FD26BE78ADD1686464642477DE7967CE3BEFBC9C77DE79BDF078C2139E90830F3E38871C7248962F5F9E458B16658F3DF6C8EEBBEF9E57BCE21543B5CF4A709D7BEEB9D9B06143D6AE5D9BB56BD7E6D65B6FCD35D75C93ABAEBA2A1B376EDCEC7B172C589056ABD59BD20100E219E6A876BBDD9B175DAFD77BD335CA54849B6EBA2937DD7453BEF5AD6F6DF6BD1B376ECCC2850B876224AFDD6EA7D168E4CE3BEFCCC9279FBCD5AF2D07246584D9481B00E219E6794897182E530D92B1D1D712850B172E1C9A7D53F6C7EEBBEF9EA4F302CCB29249D937E54596FDFB1100C4330C81FEF9A1FD21D83F877498F74B998661EE32003B93D5360000403C03008078060000F10C0000E2190000C433000088670000403C03008078060000F10C0000E2190000C43300008867000010CF00008078060000F10C0000E2190000C43300008867000010CF00008078060000F10C0000E2190000C43300008867000010CF0000209E010000F10C0000E2190000C43300008867000010CF0000209E0100403C030000E2190000C43300008867000010CF0000209E0100403C030000E2190000C43300008867000010CF0000209E0100403C03008078060000C43300008867000010CF0000209E0100403C03008078060000C43300008867000010CF0000209E0100403C03008078060000F10C00008867000010CF0000209E0100403C03008078060000F10C0000E219000010CF0000209E0100403C03008078060000F10C0000E219000010CF0000209E0100403C03008078060000F10C0000E2190000C4330000209E0100403C03008078060000F10C0000E2190000C4330000209E0100403C03008078060000F10C0000E2190000C433000088670000403C03008078060000F10C0000E2190000C43300008867000010CF00008078060000F10C0000E2190000C43300008867000010CF00008078060000F10C0000E2190000C43300008867000010CF0000209E010000F10C0000E2190000C43300008867000098739A760100D3A5AAAAB45AADD4EBF59DF2BB1B8D861B0110CF00CC0DB55A2DCDA6A71A403C03C016351A8DDC76DB6D59B870615AAD566AB5DA8CFEFEAAAAB271E3C61C78E0816E0C403C03303B5555952469B55A39E0800376FAE579E8A187B2DB6EBBA5AAAA190F78607EF2824100E6AD5D77DDD54E0006CAC83300D362678DF4D66AB5B4DBED9D7A1900F10C00DBA54CE100984F4CDB000000F10C0000E2190000C43300008867000010CF0000209E010000F10C0000E2190000C43300008867000010CF0000209E0100403C030000E2190000C43300008867000010CF0000209E0100403C030000E2190000C43300008867000010CF0000209E0100403C03008078060000C43300008867000010CF0000209E0100403C03008078060000F10C00008867000010CF0000209E0100403C03008078060000F10C00008867000010CF0000209E0100403C03008078060000F10C0000E219000010CF0000209E0100403C03008078060000F10C0000E219000010CF0000209E0100403C03008078060000F10C0000E2190000C4330000209E0100403C03008078060000F10C0000E2190000C433000088670000403C03008078060000F10C0000E2190000C433000088670000403C03008078060000F10C0000E2190000C43300008867000010CF00008078060000F10C0000E2190000C43300008867000010CF00008078060000F10C0000E2190000C43300008867000010CF0000209E010000F10C0000E2190000C43300008867000010CF0000209E0100403C030000E2190000C43300008867000010CF0000209E0100403C030000E2190000C43300008867000010CF0000209E0100403C03008078060000C43300008867000010CF0000209E0100403C03008078060000F10C00008867000010CF0000209E0100403C03008078060000F10C00008867000010CF0000209E0100403C03008078060000F10C0000E219000010CF0000209E0100403C03008078060000F10C0000E219000010CF0000209E0100403C03008078060000F10C0000E2190000C4330000209E0100403C03008078060000F10C0000E2190000C433000088670000403C03008078060000F10C0000E2190000C433000088670000403C03008078060000F10C0000E2190000C43300008867000010CF00008078060000F10C0000E2190000C43300008867000010CF00008078060000F10C0000E2190000C43300008867000010CF0000209E010000F10C0000E2190000C43300008867000010CF0000209E0100403C030000E2190000C43300008867000010CF0000209E0100403C030000E21900E6A55AAD662780780644006C9FAAAA86F27AB75A2D373E88676074743449D26EB787E63A6FDAB4C90DCF946DDCB871E81E3349F2C0030FB8F1413C030F3DF45092E11A8DDDB06143EF3A0FEB28223B1E91C3F6178C75EBD6B9F1413C032524874119297CF8E18787327E98BAFE83AC611D81BDFFFEFBDD11403C03252487893F3F3315E5606BCD9A35E30EC686E57ADF77DF7DEE04209E61385555957ABDF350BDFBEEBB872A0492E417BFF845E73FABBAFFAED8768D46234972C30D37F41E47C374BD6FBDF5D6A1BADE209E81F10FD46E380E530894EB78F5D55727316D83ED53EE2FD75E7BED501D6897EB5DFEAFB0EA068867100243769D4B04C0540EBEAEB9E69AA139F82AD779FDFAF5191919712700F10CFCEC673F1B9AEB5AFEFC7CE38D378E0B03D816656AD3CA952B9324CD667368AE73F96B4DBD5EF7B801F10CC3A9FCE9F5F2CB2F4F922C58B0605E3F29F6FFF9F9C73FFEF1B830806DBD0F25C92DB7DC92F5EBD70FC57DA85CE7EF7CE73BE30E4001F10C431B02BFF8C52F7A21309FE3B91C2C5C7FFDF54379621806F39829F1F8831FFC6028EE43E5FA5E70C105F3FEFF0810CFC03687C045175D342E30E7F3C142899E050B16B813B0FD4F70DD17DA7EF5AB5F9DF731D9BF2ACF25975CE28013C433303104E6F3D26DE5BA7DE52B5F71C33365E500F3F39FFF7CEF206CBE0674B9AE175E7861DAED766AB59A788669524BE2EF3A304782B2DD6EE7D18F7E74EF0408FD7383E78BFEEBD4FFD69FA099D2935CF7BE73D96597E5E8A38FCEC8C8C8BCFC4B46ABD54AA3D1C849279D942F7CE10B69369BBD294FC0809F8FED02981BCA68D2DAB56B7B2B08CCC7A91BE53A7DF9CB5FEE1D340867A6AAACB2F18FFFF88FE30EC8E6DB016799D6F5852F7C61DEFEDF00E2199872087CF2939F9CB7215022E09FFEE99F7AF10C5355465F3FF399CFA4AAAA349BCD79379DA15CC7CF7EF6B3BDC790034E983EA66DC05C7AC0F64D5FE87F3B5F22BADD6EA75EAF67CD9A3559BA74A91B9C811D748E8E8EE63DEF794FDEFBDEF7F6A638CC37FBECB34FEEBEFBEEDE142F607AD493981405734419394B92BFF99BBF49927935AFB11C10BCEB5DEF4A62950D0677509624EF7BDFFB92CCAF91D9323DE3AB5FFD6AEEBEFB6E2F1484E9375A4BF2409245F605CC9123DEEEA8D2A2458BF2C0030FF4A273AE8F3E9751E7FE25B7BC50904169341A69B55A39EDB4D372F6D967F7EE6F73FD60B33CEE972D5B96BBEEBACBA8334CBF07EB491E2E8F43FB03E64E643EF8E083F9F0873FDCFBD85C5722F98D6F7C632F768433837CDC249DBFD8DC76DB6DF32232CBA8F3073EF001E10C33F034D57DBBB196E4F624CBBB1FACD93730FBF58FC86ED8B021BBEEBAEB9C1E491B1D1D4DB3D9CCCD37DF9C830E3A68B3EB088350469F9FFAD4A7E68A2BAEE81DB4CDC5BFDA94C7FB7DF7DD973DF7DCD3630666269E6B496EEF1F7906E6CA23B86F69AA934F3EB9F7C43957AF4B99C7FDF297BF3C49E7055E2280416BB55AA9D56AB9F2CA2BF38E77BCA377FF9B8B8F9972A0FCEBBFFEEBBD03038F1998111BEB4936F615353087422049CE3FFFFC7CEE739F4BAD569B936BBB9627FCF7BCE73DB9EAAAAB52ABD59CDC816977E69967E67BDFFB5EEAF5FA9CBDBFBDF9CD6FCEB5D75E3B671FFB30D79EAE4A3CD792FC24C9D392B463DD679853FAFF4C7BE79D7766DF7DF79D53CB7095CB7AD96597E599CF7CE666D709A6FB7173E38D37E6E0830F9E338F9B32CDE4539FFA54DEF8C6377ABCC0CC299DFC63D336602E1F06F7FDF9F6E94F7F7ADAED761A8DC69C78D15089957BEEB927CF7EF6B393389B2033FFB859B162456EBFFDF6DE7CE8D9FE98A9D56A39F7DC737B2FAC0566DCB8691BC05C3C14EEBE70E8CE3BEFCCE1871FDE8BD0D91C02259C376EDC98152B56F4AE83950298C9C74D19693EF8E083B36AD5AADE81E76C3B802B97A7D168E4BCF3CE1BF73A07079BB073E2797D797CDA1F30B743E0BAEBAECBB39EF5ACDE13ED6C9CCB59C2F9E1871FCE8A152BB26EDD3AE1CCAC3888FBF6B7BF9D7ABD3EAB4E3452469B93E4FDEF7F7F5EF5AA570967D849C7B1DDB7EBEB4956DB1F303F42A056ABE5D24B2FCDC1071F9CF5EBD7A7D96CA6D56ACD8A27D9AAAA7A917FCB2DB7E4D77EEDD7E6CD7ABBCCEDC74D99C2F15BBFF55BBDB31096BFDEECACC74E19012FA3E3A79C724AEFCC9BC21976AA3BEB496EEBFEC31ACF30D70F8BBB4FB637DD7453962F5F9E952B57A6D168ECF4152C4AD8D7EBF57CF39BDFCC81071E98071E784038332BB4DBEDDEE8EEBBDFFDEE3CED694FCB1D77DC31EEB13353B1DA6EB77BD3986AB55A2EBEF8E2ECBDF7DE39E79C73C63DCE8119573AF9B6FE7806E6813292B66EDDBA3CED694FCB19679C91646CEDE4998CD512EC65F4ECCD6F7E738E3FFEF82411CECCBA03CF5AAD9646A391952B57E6B18F7D6C4E3FFDF4DE63A72C07371D215D55554647477BD15CAFD7B366CD9ABCFAD5AFCE739FFBDCDC7BEFBDBDB5D0819DEEF62479713AF338DADDB7369B6D1E6CF57ABDF7FE939FFCE4EAD24B2FADFA8D8C8C54ED76BB1AB476BB5D8D8C8C8CFBD837BEF18D6ABFFDF6EB5D9E5AADE636B2CDDAADD168F4DEDF7DF7DDABBFFDDBBFAD366DDAB4D9E3676464A46AB55ADBFD386AB7DB55ABD5AA366DDA548D8E8E8EFBDCBA75EBAAD34F3F7D8B8F659BCDB6D3B6D2C9BF992447A6B3E28680B6D9E6D956ABD5C63DF1BEE215AFA856AD5A35EEC97AD3A64D3B1CD2A3A3A3D5C8C8C8662170F9E597572F78C10B44806D4E3E76FA233A49F58637BCA1FAE94F7F3AE963A0C470793C4DDCCAE75AADD6A4DF7FD1451755279E78E21623DE66B3CD8A6D533AE746C9FE49EE11CF36DB708C4227A95EFCE21757DFFFFEF7277D122F4FF4FD236BFD5B7F0C4C1C612ECE3FFFFCEA694F7B9AD133DBBC88E866B339EE63FBECB34FF596B7BCA5FAD6B7BE55AD5FBF7E4A079CF7DD775FF58D6F7CA33AF5D453ABC58B176F16CDFE3A63B3CDCA51E77B92EC5F4BB26B926B923C21CE3208F35AB3D91CF7C2C1254B96E455AF7A555EF39AD7E498638EC982050BA6F4731F7CF0C15C7CF1C5F9CC673E932F7DE94B191919D9E2EF84B9A856ABA5D96C8EBB6F17CB972FCF61871D96152B5664C58A15D973CF3DB3E79E7B66B7DD76CB030F3C90F5EBD7E7EEBBEFCE75D75D979B6FBE39575E7965EEB9E79E491F9FB365751C609CD2C7372739BCBC72F047498E12CF301C1150CEA636F149FAD0430FCDF39FFFFCAC58B122871F7E78962F5F9E458B1665F1E2C5A9AA2A6BD7AECDFAF5EB73EBADB7E69A6BAEC9F5D75F9F1FFCE007B9F9E69B27FD1DA299F9A85EAFF74EA8B22327236A341ABD25F1BC7816E6443C5F9EE4E812CFE724F98324AD240DFB08862B0206F1E45D42602697F582D970305A96617CA4F597CBE7CB1ACE1E273067943E3E3FC98965ED9BABBB6F3D9261980EA5BB6BCAF647405956AE8C4CF73FC197B57027FBBA56AB35AB4F090ED3A13C468C1CC3FC7EA877DF5E9324259EAFEABE35650344C056BFA6BC150B000C893253E3EAFE58BE2E9D2169F10C000063CA94E66BFAE3F98E8C9D69D0701200008C75F15D497E51E2B99EE4A124ABBA9F34EF190000C6BAF8A624EB92D44B3C27C995E2190000365316D7A8F7CF71BED27E0100809E32A87C45F9407DC207DBB1CE330000A4AF8B7BCB3AD7333611FA9A2437A4B31C87170D020030CCAA6E17DF996465F763ED32F2DC4C3292E47FCA27EC2F0000865839F3D745491E4877C646BDAFAC93E4DBDDB7D67B06006098D526EBE389F17C49BACB70C4AA1B00000CA72A9DF9CE9B927CBFFBB1767F3CB7BBEFDF95E447FD5F0000004318CF49E78582ABD2F79AC0FEE919E5FDEF4CF82600001826ED6E0B7F371356A3AB4FF8A212CF552C590700C070AAA733DABCD9A0F2C478AEA573B294ABBAEFB7EC3B0000864899CEFCCB2497F67D6CB3784E3AA3CD2349CE9B58D900003024F19C245F4FB2B6DBC7D596E2B97CF117D37975614340030030444A1F9FB3B54FF6C7733DC9F5492E9C10D40000309F95165ED56DE1CDCEBC5DDF4A50FF73F71B6AF623000043A0CCB8F88F241B33C92C8CC9C2B87C6CD774D6B63BB0FB4DCE3A0800C07C0FE787921C9EE4966EFF3EE2C87309E50D493E9D4986AB0100609E6975BBF7CBDD706E4CD6C05B9A92514ECFBD6F926B923C3A469F010098BFCA7CE75F4F7251379E5B9345F2D6BEF9CE249F8AD1670000E6AF56B77DFF3BC9C5DDF7273DDFC9D65E0C58469FF74B725D9245DBF03D000030D79481E3E3D2392577634BF15CDF861F7247924FC6E8330000F34F1975FE7E379CB738EA9C3CF22872F9FCD27456DED83B96AF0300607EC5732DC98B92FC205B19754E1EF90580E54582F726797F2659AE030000E6703837D239BBF6238673B26D23C865A47961921FA5B3EE5D3B56DE000060EEAABADBC6244726B931DB304DB9BE8D3FB896E4E1246FE9FB450000305795C1E00F25B921DB38C3A2B11D65DE48F2F37456DF383AC9688C3E030030F794E91A5726796DB66370787B5EF857A66F2C49B232C901317D030080B9A5EA366C2DC90B92FC6FB661AE7351DFCE5F544B725F9237F4FD6253380000982BCAA8F3D9DB1BCEC9B64FDBE80FE8669255DDB72FCCD8DA78000030DBC3B999E49224AFC914CE633295F59A6B7DB1FCED24C7A633FFB9E9F6000060962A5335EE4FE7F57B37660ACB304F65C4B84CD768273925C94DDD70B6FE330000B351FF3CE7FFD30DE7C654FAB5BE0317A09EE497497E3FC98371FA6E000066A7325DE32F93FC67F7FDD6547E507D0017E2A7495E9DB1170E7A01210000B3C548B759FF25C907BBEF8F4EF5873576F0C2B4BB17E0BA24B724F9BD8C0D89D7DC560000EC44A3491624F9523AEB396FF71CE741C7737F40FF34C9AF92BC54400300B0938D74C3F98274A619B732803365370674E14A40FFB02FA093B1B5A1010060A69411E76F2579659287D31975DEE1E9C58D015EC876F7E75D9AE417497EA77B21AD030D00C04CA8FAC2F98B494E4AB2210398AE311DF15C2E7033C94F925C9DE48424BB74AF8480060060BA94386E26F9543A739C470719CE99A6A02D274CF9CF74CE175ED6811E759B0200300DCA4C877A9277257963C6A60F0F7429E5E99C8F5C8279BF24FF37C98BFB2EBC5168000006A10CDCAE4DF2FA740670CBFCE6812FA1DC98C62B52E640DF9FE473DD2BF1826EB09BC60100C08EB666E9D98B92BC3CC985D98113A0ECEC784EC6CE445825F96E3A2F267C4E92A5DD2B6C350E0000B6B72F5BDD8EADA573E293D724B93B333055B8314357B0D6FD5D3726F98F248F4E7254C646A1AD090D00C023E99FDB7C4D3A2F0AFCA7740665CB2A6FD3AA318357B6EAFEBEF549BE96E447499E9A6499880600E011A2B9D60DE40DE98C36BF2E9DB35C37FA5A73DA3566F88AF78F42DF90E433E94CEE3E32C91E221A008009D15C9AB596B1D36C9F93CE19041B9981D1E67E3B3350FBAFEC7E49FE22C9FFE94674D95975110D003054AA8C4DC3281DF8BF49FE3AC97F75FF5D5E1458CDF485DBD9615A86DF4B44AF48F227E90CC32F9970C421A40100E6AFB29844FFCC88EF26F9DB74A6FC961E2C5FBBD3E275369818D107A6330AFD47491ED7F77565893BCBDC0100CC7D6594B9D6D7771B925C90E49349BEBD8556DCA9D13A9B94302E4B8C2C49F2CA74961FF9F5BE9D5A962829A3D146A40100E6462CF74FCBE81F10BD299DB9CCFF9ECE6BE3665534CFD678EE8FE8DA841D756437A47F2FC9A113BEBECC7911D30000B32F98FB4F68D2EF9749BE99E4BC24FF93E4A1ADB4A078DEC6CB57CFD81C9824D925C931497E3BC96F2539229B4FE318EDFBFE5A4CF3000098E9502EF397FB7BB39DE46749BE9FCE7CE6FF49726FDFE79BDDAF69CFD62B38974668B77404F2D424CF4DF2C224CFCCF839D2997063B5337E64BA3607F70300C0CE0EE46AC2FB6529E2C9DC95E48749BE93CEE9B3AF9E10C78DBE56AB66FB959F8BD158EB0BE989A75FDCAD1BD34F49679AC753921C9464F976DE0926EE9BDA3CD86F00009335D096FE3D59133DD25FF37F95E4E674E62CFF34C915492E4B72FF84AF9B53C13CDF22B07F09BBC9E6C52CE9C6F3E1499EDC7D7B603AA7085F9264713A7F22000060EBDADD107EA0FBF6E67446927FD67D7B5B927BB6D26B55C60F5ACE39F36D04B53621A6B73667E65149F64EB2B4FB767992FDBBDBBEE99CAC6561925DD39967DDBF958F896E00602EDA9464E3846DE2C7D6A533E5E2F6247724599DCEFCE45F75B7B5DBD063650E74355F76DCFF0F49961335F45B24880000000049454E44AE426082, 0x89504E470D0A1A0A0000000D49484452000000C8000000C80806000000AD58AE9E000008734944415478DAEDDD6F4855671CC0F173D59AFD5933F185BD4EA74C586E710BD6D89BA6A225FD19B8396119B9122CC257BD9B4C8D214130EAC520961491D472AE35590C59102D71E034B6BD9E64060693957FF2DEEEBDCF9EE776B47BBDE778BDDEBFE79CEF0FBE38C6297B9E9E4FE75EAF7F346DF5E3926D977D2A6B97F5C87E978DCB9EC89EC966F5E6427AAE371F9247CFABF742CFA7E70F29E080FC31E633E84594BC2BCC63D27C0C3D3769CE20B3FF3F17729E8CFA573621FB5BF693EC6B5993AC4296A7A568726525B29F6582C842293C35B2FC64E168D6DF919FCD268BB67087FE319130AA64FFB1B964B33CFAC3B0B8E60A1B4936EFB790E7D42B9E1CD92FFAED884D24BB372D7B231624E020A735B5D20FDD5E010739B45FA301F9904D2287F7C57240F8681539BDE766383E677388827DB314C76B6C0A5158AF870229E11572A2B0B68702E9674388C21A0CFDD02E1B421459B602E26623880C7B4F0139C4461019D6A8807CC5461019D6A580DC6023880CFB410119B1F3225D2E177FD1267BC2DE446D54017962D743B061C30671F4E851D1D1D1210E1C3810F5D7ECDBB74F1C3F7E5CD4D5D545BD76F7EEDDA2ADAD4D9C387142E4E7E72F7B6D7979B968696911CDCDCDA2B8B8386D7B525454240E1E3C280E1F3E2C4E9E3C298E1D3B261A1B1BC5AE5DBB827B058888948DE03757B0E502D5040201B130172E5C30BDB6AFAF6FF15AF5F6C18307A6D7EED9B367F1F754D77A3C1ED36BABABABC5D2510735557BA00E7E4D4D4DD8FB0FDD13BFDFBFF8DFB76FDF165BB76E05C6AB948DE077B8B0DDE22E5FBE2C8CA6ACAC2CE25A7580420FCDC2D4D6D6465C9B9D9D1D76A816E6E2C58B11D7AE59B3463C7AF4C8F0CF91ECF567656505EF884B41441B9FCF271E3E7C088E97291BF65CDCAD5BB70C0F40575757C4B5478E1C31BCF6DEBD7B118FD30B0B0B83778CA5333737677A174B07903B77EE8878C6EBF58ACACA4A9EA7D87561FDFDFD867FF167CE9C89B8B6A9A969C540B66CD96208647676362380A83BC7DDBB7745A246DD85000210DB00E9ECEC8CE92155B4999F9F176BD7AE050840AC0FA4A2A242246B000210CB0331FAE041A2C6ED76030420D60562B686448D7AD80610805812887A627EE9D22591EC71E85D042076B883A462D46719000420003199EBD7AF030420D603B263C70E91AA0108402C07447D9A0B4000021093EEDFBF0F108000C4ACE1E16180000420000108400002108000042000010840000210800004200001084000021080000420000108400002108000042000010840000210800004200001084000021080000420000108400002108000042000010840000210800004200001084000021080580C487B7B7BC4B5EAC73E1B8DFA397F4BAF553F6DC908C8CCCC0C4000627D2099320001084000021080000420000108400002108000042000010840000210800004200001084000021080000420000108400002108000C4E2DDBC79132000018859D7AE5D0308400062D6B973E73216C7D3A74F010290F456505090B1404A4B4B23BE521120004979EA5FEA4C1BBFDF1FC4CB1D042069AFBEBE3EE380747575257C9D0001C8AA535F579E29333D3D9D9435020420AB6EFDFAF5C16FA890EE51DFE821D10FAD00029084F5F8F1E3B4E1F07ABDA2A4A424696B03084012D2C0C080080402293B4CEA7D8D8F8F277D5D000148C22A2C2C14DDDDDD493F4843434349BD6B000420494FBD1E515555157C5131DE3B8BFAF57BF7EE156EB73BF8BC2795EB000840925A6363634280A4EBCF0F10800004200001084000021080000420000108400002108000042000010840000210800004200001084000021080000420000108400002108000042000010840000210800004200001084000021080000420000108400002108000042000010840000210800004200001084000021080000420000108400002108000042000010840000210800004200001485A6A6D6D1567CF9E5DB6D3A74F030420CE04B2D2000210800004200001084000021080000420000108400002108000042000010840000210800004200001084000021080000420000108400002108000042000010840000210800004200001084000021080000420000108400002108000042000010840000210800004200001084000021080000420000108400002108000042000010840000210800004200001084000021080000420000108400002108000042000010840000210800004200001084000021080000420000108400002108000042000010840000210800004200001084000021080000420000108400002108000042000B10710BFDF0F108000C4A8868686B881A85F0F1080D8B26DDBB6C57D703C1E0F400062DFE29DF3E7CF67F4FA727272C4C4C4445C6B6C6F6F0788531B1A1A8AEBF064656565FC1A474646E27A08595F5FEF48202F00A289E2E262E1F3F9567578C6C7C72D0124DE3BA503CF85B2A13D03C8CB7A7A7A5675700A0A0A2CB13E97CB25F6EFDFBFAA35E6E5E539F14C281BDA24385E353A3A1AD3C1A9ABABB3CCDD63A1E6E6E698D6B873E74EA79E0765431B064678BDBDBD511F6E4D4D4D89D2D252CBE15868E3C68D626C6CCC747D6AFDEA1F0B879F851105E43B5084A70E7D6E6EAEB87AF56AC4C199999911B5B5B5B65867767676F0EDA953A7C4E0E0A0989C9C14030303A2A5A565711F1C7E167A159036502CDFA64D9BC4E6CD9BC5BA75EBD80F67D5A1807CCC4610451490D52B206FB3194486BDABE9C3661019BC48B830DFB2194461DD08055224F3B12944C1FCB2B250202E80108595A32D9977D814A260959AC164C9FE6473C8E1FDA35B301D36899CDCB238D4BCCF269143FB4C5BE17CC46691C36AD5629C0FD834724887B438E62F36906CDA989680514F5ADCFA8B277E36956CF022A07A5BBD9227E4B1427953D6BDE4331ED974B24ADFCBDE327A113019532EFB44F6A5FE792B7FE85FA238ADF18D2028F579B5975F433EA97F25609FAC53D620DBBEDA43FE3F5E74D6601C5534DF0000000049454E44AE426082);


-- User Data
INSERT IGNORE INTO `findlunch`.`user` (`id`, `username`, `password`, `restaurant_id`, `user_type_id`, `account_id`) VALUES
(1, 'admin@admin.com', '$2a$10$Wo0WJitsLCrhuY4LJoOFRO.xfAWvTVuB8ktPZCqx1lFi67XnIimd6', NULL, 1, NULL),
(2, 'user@user.de', '$2a$10$mkHTGZbKAMRsC54cH6kOYenXTnk4vFOTBQBFYgrQsJ7hkL3oClFSC', NULL, 2, NULL),
(3, 'owner@owner.com', '$2a$10$TlzzmKRGrRe/KzPUp111Ue0i.jMm.6uk5b62NCoL6N5DNZEmLkqFa', NULL, 3, 1),
(4, 'fh@fh.com', '$2a$10$TlzzmKRGrRe/KzPUp111Ue0i.jMm.6uk5b62NCoL6N5DNZEmLkqFa', 11, 1, 2),
(5, 'mellow@mellow.com', '$2a$10$1ALnrR/Wd/2dRLE7Kq8Gy.o.EyfPriBI6LB/ICae2DrHpHzgCNkVe', 12, 1, 3),
(6, 'soon@soon.com', '$2a$10$0T975lF3u9yG/rdBdsZL/uA5HBcx49W4OF8jaVMUKNbQdtnw2i7Zu', 13, 1, 4),
(8, 'a@a.com', '$2a$10$4AjQi77uMdNczVoma.zdWubOlOgot.LHvraZOV0ILo/srOH639DTq', NULL, 2, NULL),
(9, 'deniz@deniz.com', '$2a$10$JqPp8yWlIq4YYAHQ38NnKunWlGd1G7oQG1oe3njjyeVTdKvD4ULUe', NULL, 2, NULL),
(10, 'tom@tom.com', '$2a$10$wz4cYgRAo91l/rP7pT6i2uOjOrVG1YQ1YVZwLU7mQF8.EBBHJ9Kfi', NULL, 2, NULL),
(101, 'restaurant@ionic.com', '$2a$10$AM5MLDZLCINLkGqWSQdIkeI/RR2DzlIWXP8UMLmJTNfjnrBFO7meu', 101, 1, 101),
(100, 'ionic@ionic.com', '$2a$10$AM5MLDZLCINLkGqWSQdIkeI/RR2DzlIWXP8UMLmJTNfjnrBFO7meu', NULL, 2, NULL);

-- offer
INSERT IGNORE INTO `findlunch`.`offer` (`id`, `restaurant_id`, `title`, `description`, `price`, `preparation_time`, `start_date`, `end_date`, `needed_points`, `sold_out`, `course_type`, `sort`) VALUES
(1, 11,'Champignonreispfanne (Tg1) ', 'vegan', '1.00', 2, '2017-01-08', '2019-03-31', 30, FALSE, 3, 1),
(2, 11, 'Hackbällchen mit Paprikasauce (Tg3)', 'Rindfleisch und Schweinefleisch', '1.90', 4, '2017-01-08', '2019-04-30', 35, FALSE, 3, 1),
(3, 11, 'Pfannkuchen mit Schokosauce (Tg2)', 'fleischlos', '1.59', 3, '2017-01-08', '2019-05-01', 25, FALSE, 3, 1),
(4, 11, 'Putengulasch (Tg4) ', 'Putenfleisch', '2.40', 5, '2017-01-08', '2019-04-30', 37, FALSE, 3, 1),
(5, 12, 'Country Potatoes', 'Knusprige Countrypotatoes mit Sourcreamdip', '4.90', 5, '2017-01-08', '2019-04-30', 40, FALSE, 4, 1),
(6, 12, 'Feurige Bohnen', 'Chili con Carne, der leckere texanische Eintopf)', '4.50', 6, '2017-01-08', '2019-05-01', 38, FALSE, 4, 1),
(7, 12, 'Fleischpflanzerlsemmel', 'Frisch', '2.50', 3, '2017-01-08', '2019-05-01', 23, FALSE, 4, 1),
(8, 12, 'Wiener mit Semmel oder Kartoffelsalat', 'klein', '2.90', 2, '2017-01-08', '2019-05-01', 15, FALSE, 4, 1),
(9, 12, 'Wiener mit Semmel oder Kartoffelsalat ', 'groß', '4.00', 5, '2017-01-08', '2019-05-01', 30, FALSE, 4, 1),
(10, 13, 'Butterbreze', 'mit Salz', '1.10', 1, '2017-01-08', '2019-05-01', 10, FALSE, 5, 1),
(11, 13, 'Früchtetee', 'mit Himbeeren und Erdbeeren', '1.30', 2, '2017-01-08', '2019-05-01', 15, FALSE, 5, 1),
(12, 13, 'Nussschnecke', 'jeden Tag frisch', '1.80', 1, '2017-01-08', '2019-05-01', 20, FALSE, 5, 1),
(13, 13, 'Schwarzer Kaffe', 'aus Brasilien', '1.00', 1, '2017-01-08', '2019-05-01', 8, FALSE, 5, 1),
(101, 101, 'Schwarzer Kaffe', 'aus Brasilien', '1.00', 1, '2017-01-08', '2019-05-01', 8, FALSE, 1, 1),
(102, 101, 'Haxn', 'vom Schwein', '1.00', 1, '2017-01-08', '2019-05-01', 8, FALSE, 2, 1),
(103, 101, 'Schweinebraten', 'vom Schwein', '1.00', 1, '2017-01-08', '2019-05-01', 8, FALSE, 2, 2),
(104, 101, 'Pudding', 'Schokolade', '1.00', 1, '2017-01-08', '2019-05-01', 8, FALSE, 3, 1);

-- offer has day
INSERT IGNORE INTO `findlunch`.`offer_has_day_of_week` (`offer_id`, `day_of_week_id`) VALUES
(1, 1),
(1, 2),
(1, 3),
(1, 4),
(1, 5),
(1, 6),
(1, 7),
(2, 1),
(2, 2),
(2, 3),
(2, 4),
(2, 5),
(2, 6),
(2, 7),
(3, 1),
(3, 2),
(3, 3),
(3, 4),
(3, 5),
(3, 6),
(3, 7),
(4, 1),
(4, 2),
(4, 3),
(4, 4),
(4, 5),
(4, 6),
(4, 7),
(5, 1),
(5, 2),
(5, 3),
(5, 4),
(5, 5),
(5, 6),
(5, 7),
(6, 1),
(6, 2),
(6, 3),
(6, 4),
(6, 5),
(6, 6),
(6, 7),
(7, 1),
(7, 2),
(7, 3),
(7, 4),
(7, 5),
(7, 6),
(7, 7),
(8, 1),
(8, 2),
(8, 3),
(8, 4),
(8, 5),
(8, 6),
(8, 7),
(9, 1),
(9, 2),
(9, 3),
(9, 4),
(9, 5),
(9, 6),
(9, 7),
(10, 1),
(10, 2),
(10, 3),
(10, 4),
(10, 5),
(10, 6),
(10, 7),
(11, 1),
(11, 2),
(11, 3),
(11, 4),
(11, 5),
(11, 6),
(11, 7),
(12, 1),
(12, 2),
(12, 3),
(12, 4),
(12, 5),
(12, 6),
(12, 7),
(13, 1),
(13, 2),
(13, 3),
(13, 4),
(13, 5),
(13, 6),
(13, 7),
(101, 1),
(101, 2),
(101, 3),
(101, 4),
(101, 5),
(101, 6),
(101, 7),
(102, 1),
(102, 2),
(102, 3),
(102, 4),
(102, 5),
(102, 6),
(102, 7),
(103, 1),
(103, 2),
(103, 3),
(103, 4),
(103, 5),
(103, 6),
(103, 7),
(104, 1),
(104, 2),
(104, 3),
(104, 4),
(104, 5),
(104, 6),
(104, 7);

-- time schedule
INSERT IGNORE INTO `findlunch`.`time_schedule` (`id`, `restaurant_id`, `offer_start_time`, `offer_end_time`, `day_of_week_id`) VALUES
(1, 11, '1970-01-01 00:00:00', '1970-01-01 23:59:00', 1),
(2, 11, '1970-01-01 00:00:00', '1970-01-01 23:59:00', 2),
(3, 11, '1970-01-01 00:00:00', '1970-01-01 23:59:00', 3),
(4, 11, '1970-01-01 00:00:00', '1970-01-01 23:59:00', 4),
(5, 11, '1970-01-01 00:00:00', '1970-01-01 23:59:00', 5),
(6, 11, '1970-01-01 00:00:00', '1970-01-01 23:59:00', 6),
(7, 11, '1970-01-01 00:00:00', '1970-01-01 23:59:00', 7),
(8, 12, '1970-01-01 00:00:00', '1970-01-01 23:59:00', 1),
(9, 12, '1970-01-01 00:00:00', '1970-01-01 23:59:00', 2),
(10, 12, '1970-01-01 00:00:00', '1970-01-01 23:59:00', 3),
(11, 12, '1970-01-01 00:00:00', '1970-01-01 23:59:00', 4),
(12, 12, '1970-01-01 00:00:00', '1970-01-01 23:59:00', 5),
(13, 12, '1970-01-01 00:00:00', '1970-01-01 23:59:00', 6),
(14, 12, '1970-01-01 00:00:00', '1970-01-01 23:59:00', 7),
(15, 13, '1970-01-01 00:00:00', '1970-01-01 23:59:00', 1),
(16, 13, '1970-01-01 00:00:00', '1970-01-01 23:59:00', 2),
(17, 13, '1970-01-01 00:00:00', '1970-01-01 23:59:00', 3),
(18, 13, '1970-01-01 00:00:00', '1970-01-01 23:59:00', 4),
(19, 13, '1970-01-01 00:00:00', '1970-01-01 23:59:00', 5),
(20, 13, '1970-01-01 00:00:00', '1970-01-01 23:59:00', 6),
(21, 13, '1970-01-01 00:00:00', '1970-01-01 23:59:00', 7),
(101, 101, '1970-01-01 00:00:00', '1970-01-01 23:59:00', 1),
(102, 101, '1970-01-01 00:00:00', '1970-01-01 23:59:00', 2),
(103, 101, '1970-01-01 00:00:00', '1970-01-01 23:59:00', 3),
(104, 101, '1970-01-01 00:00:00', '1970-01-01 23:59:00', 4),
(105, 101, '1970-01-01 00:00:00', '1970-01-01 23:59:00', 5),
(106, 101, '1970-01-01 00:00:00', '1970-01-01 23:59:00', 6),
(107, 101, '1970-01-01 00:00:00', '1970-01-01 23:59:00', 7);

INSERT IGNORE INTO `findlunch`.`additives` (`id`, `name`, `description`, `short`) VALUES 
(1, 'Farbstoffe E 100 - E 180', 'mit Farbstoff', 'a'), 
(2, 'Konservierungsstoffe E 200 - E 219, E 230 - E 235, E 239, E 249 - E 252, E 280 - E 285, E 1105', 'mit Konservierungsstoff', 'b'),
(3, 'Geschmacksverstärker E 620 - E 635', 'mit Geschmacksverstärker', 'c'), 
(4, 'Schwefeldioxid/Sulfite E 220 - E 228 ab 10 mg/kg', 'geschwefelt', 'd'), 
(5, 'Eisensalze E 579, E 585', 'geschwärzt', 'e'), 
(6, 'Stoffe zur Oberflächenbehandlung E 901 - E 904, E 912, E 914', 'gewachst', 'f'), 
(7, 'Süßstoffe E 950 - E 952, E 954, E 955, E 957, E 959, E 962', 'mit Süßungsmittel(n)', 'g'), 
(8, 'andere Süßungsmittel mit mehr als 10% Gehalt (Zuckeralkohole) E 420, E 421, E 953, E 965 - E 967', 'kann bei übermäßigem Verzehr abführend wirken', 'h'), 
(9, 'Phosphate E 338 - 341, E 450 - E 452', 'mit Phosphat', 'i'), 
(10, 'Coffein', 'coffeinhaltig', 'j'), 
(11, 'Chinin, Chininsalze', 'chininhaltig', 'k'), 
(12, 'Taurin', 'taurinhaltig', 'l'), 
(13, 'Zutaten mit gentechnisch veränderten Organismen', 'gentechnisch verändert', 'm'), 
(14, 'Gentechnisch veränderte Organismen', 'enthält Sojaöl, aus gentechnisch veränderter Soja hergestellt', 'n');

INSERT IGNORE INTO `findlunch`.`allergenic` (`id`, `name`, `description`, `short`) VALUES 
(1, 'Getreideprodukte (Glutenhaltig)', 'Weizen, Roggen, Gerste, Hafer, Dinkel, Kamut und daraus hergestellte Erzeugnisse, also Stärke, Brot, Nudeln, Panaden, Wurstwaren, Desserts etc.. Ausgenommen sind Glukosesirup auf Weizen- und Gerstenbasis. ', '1'), 
(2, 'Fisch', 'Betroffen sind alle Süß- und Salzwasserfischarten, Kaviar, Fischextrakte, Würzpasten, Saucen etc.. Ganz genau genommen müsste auch ausgewiesen werden, wenn Produkte von Tieren verarbeitet werden, die mit Fischmehl gefüttert wurden.', '2'), 
(3, 'Krebstiere', 'Garnelen, Hummer, Krebse, Scampi, Shrimps, Langusten und sämtliche daraus gewonnenen Erzeugnisse. Wer also in seinen Gerichten asiatische Gewürzmischung oder Paste mit Extrakten aus Krebstieren verwendet, muss das deklarieren. ', '3'), 
(4, 'Schwefeldioxide und Sulfite', 'Wie sie in Softdrinks, Bier, Wein, Essig, Trockenfrüchten und bei diversen Fleisch-, Fisch- und Gemüseprodukten entstehen oder zugesetzt werden, in Konzentrationen von mehr als 10 mg/Kg oder 10 mg/l als insgesamt vorhandenes Schwefeldioxid.', '4'), 
(5, 'Sellerie', 'Sowohl Knolle als auch Staude müssen deklariert werden, egal in welchem Aggregatzustand sie zum Gast wandern. Als Gewürz in Fertiggerichten, in Dressings, Ketchup, Saucen.', '5'), 
(6, 'Milch und Laktose', 'Erzeugnisse wie Butter, Käse, Margarine etc. und Produkte, in denen Milch und /oder Laktose vorkommt, also etwa Brot-, Backwaren, Wurstwaren, Pürees, Suppen oder Saucen. Ausgenommen sind Molke zur Herstellung von alkoholischen Destillaten und Lactit.', '6'), 
(7, 'Sesamsamen', 'Sesam, egal ob im Rohzustand, als Öl oder Paste, in Gebäck, Marinaden, Dressings, Falafel, Müsli, Hummus.', '7'), 
(8, 'Nüsse', 'Mandeln, Haselnüsse, Walnüsse, Kaschunüsse / Cashewnüsse, Pekannüsse, Paranüsse, Pistazien, Macadamia- / Queenslandnüsse sowie sämtliche daraus gewonnenen Erzeugnisse außer Nüssen zur Herstellung von alkoholischen Destillaten.', '8'), 
(9, 'Erdnüsse', 'Alle Erzeugnisse aus Erdnüssen wie Erdnussöl und –Butter; Vorkommen in Gebäck und Kuchen, Desserts, vorfrittierten Produkten wie Pommes Frites oder Rösti, Aufstrichen, Füllungen etc. ', '9'), 
(10, 'Eier', 'Als Flüssigei, Lecithin oder (Ov) Albumin und so, wie es in Mayonnaise, Panaden, Dressings, Kuchen, Suppen, Saucen, Nudeln, Glasuren und natürlich generell bei allen Eier-Speisen vorkommt.', '10'), 
(11, 'Lupinen', 'Lupinensamen, Lupinenmehl, Milch, Tofu und Konzentrat, wie es sich in Brot- und Backwaren, Nudeln, Gewürzen, Würsten, Aufstrichen oder Süßspeisen findet. ', '11'), 
(12, 'Senf', 'Betroffen sind hier sowohl Senfkörner als auch Pulver und alle daraus gewonnenen Erzeugnisse wie Dressings, Marinaden, Currys, Wurstwaren, Aufstriche, Gewürzmischungen etc.', '12'), 
(13, 'Soja', 'Sojabohnen und daraus gewonnene Erzeugnisse, also etwa Miso, Sojasauce, Sojaöl, Gebäck, Marinaden, Kaffeeweißer, Suppen, Saucen, Dressings. Ausgenommen ist vollständig raffiniertes Sojabohnen-Öl und -Fett.', '13'), 
(14, 'Weichtiere', 'Schnecken, Tintenfisch, Austern, Muscheln und alle Erzeugnisse, in denen Weichtiere oder Spuren von ihnen enthalten sind, also Gewürzmischungen, Saucen, asiatische Spezialitäten, Salate oder Pasten.', '14');

-- offer has additives
INSERT IGNORE INTO `findlunch`.`offer_has_additives` (`offer_id`, `additives_id`) VALUES
(1, 1),
(1, 2),
(1, 3),
(1, 4),
(1, 5),
(1, 6),
(1, 7),
(2, 8),
(2, 9),
(2, 10),
(2, 11),
(2, 12),
(2, 13),
(2, 14),
(3, 1),
(3, 3),
(3, 5),
(3, 7),
(3, 9),
(3, 11),
(3, 13),
(4, 2),
(4, 4),
(4, 6),
(4, 8),
(4, 10),
(4, 12),
(4, 14),
(5, 1),
(5, 2),
(5, 3),
(5, 7),
(5, 8),
(5, 9),
(5, 13),
(6, 4),
(6, 5),
(6, 6),
(6, 10),
(6, 11),
(6, 12),
(6, 14),
(7, 1),
(7, 2),
(7, 3),
(7, 4),
(7, 5),
(7, 6),
(7, 7),
(8, 8),
(8, 9),
(8, 10),
(8, 11),
(8, 12),
(8, 13),
(8, 14),
(9, 1),
(9, 2),
(10, 3),
(10, 4),
(11, 5),
(11, 6),
(12, 7),
(13, 1),
(13, 2),
(13, 3),
(13, 4),
(13, 5),
(13, 6),
(13, 7),
(101, 1),
(101, 2),
(101, 3),
(101, 4),
(101, 5),
(101, 6),
(101, 7);

-- offer has allergenic
INSERT IGNORE INTO `findlunch`.`offer_has_allergenic` (`offer_id`, `allergenic_id`) VALUES
(1, 1),
(1, 2),
(1, 3),
(1, 4),
(1, 5),
(1, 6),
(1, 7),
(2, 8),
(2, 9),
(2, 10),
(2, 11),
(2, 12),
(2, 13),
(2, 14),
(3, 1),
(3, 3),
(3, 5),
(3, 7),
(3, 9),
(3, 11),
(3, 13),
(4, 2),
(4, 4),
(4, 6),
(4, 8),
(4, 10),
(4, 12),
(4, 14),
(5, 1),
(5, 2),
(5, 3),
(5, 7),
(5, 8),
(5, 9),
(5, 13),
(6, 4),
(6, 5),
(6, 6),
(6, 10),
(6, 11),
(6, 12),
(6, 14),
(7, 1),
(7, 2),
(7, 3),
(7, 4),
(7, 5),
(7, 6),
(7, 7),
(8, 8),
(8, 9),
(8, 10),
(8, 11),
(8, 12),
(8, 13),
(8, 14),
(9, 1),
(9, 2),
(10, 3),
(10, 4),
(11, 5),
(11, 6),
(12, 7),
(13, 1),
(13, 2),
(13, 3),
(13, 4),
(13, 5),
(13, 6),
(13, 7),
(101, 1),
(101, 2),
(101, 3),
(101, 4),
(101, 5),
(101, 6),
(101, 7);

-- reservation_status
INSERT IGNORE INTO `findlunch`.`reservation_status` (`id`, `status`, `statkey`) VALUES
(0, 'neu angelegt', 0),
(1, 'bestätigt', 1),
(2, 'abgelehnt, Der Anbieter hat die Bestellung abgelehnt.', 2),
(3, 'abgelehnt, Die gewünschte Wartezeit kann nicht eingehalten werden.', 2),
(4, 'abgelehnt, Das Produkt ist leider ausverkauft.', 2),
(5, 'abgelehnt, Der Anbieter hat momentan geschlossen. ', 2),
(6, 'abgelehnt, Der Anbieter ist bereits ausgebucht.', 2),
(7, 'abgelehnt, Der Anbieter ist im Urlaub.', 2),
(8, 'abgelehnt, Das Restaurant bei dem Sie bestellen ist umgezogen.', 2),
(9, 'Nicht Bearbeitet', 3);

-- reservation --
INSERT IGNORE INTO `findlunch`.`reservation` (`id`,`reservation_number`,`total_price`,`donation`,`used_points`,`user_id`,`euro_per_point_id`,`restaurant_id`,`collect_time`,`timestamp_received`,`timestamp_responded`,`reservation_status_id`,`points_collected`) VALUES
(1, 1, 4.90, 0.00, 0, 2, 1, 101, DATE_ADD(DATE_ADD(now(), INTERVAL -3 MINUTE), INTERVAL 20 MINUTE), DATE_ADD(now(), INTERVAL -3 MINUTE), null, 0, 0),
(2, 2, 9.30, 0.00, 0, 9, 1, 101, DATE_ADD(DATE_ADD(now(), INTERVAL -2 MINUTE), INTERVAL 25 MINUTE), DATE_ADD(now(), INTERVAL -2 MINUTE), null, 0, 0),
(3, 3, 9.30, 0.00, 0, 2, 1, 101, DATE_ADD(DATE_ADD(now(), INTERVAL -1 MINUTE), INTERVAL 15 MINUTE), DATE_ADD(now(), INTERVAL -1 MINUTE), null, 0, 0),
(4, 4, 1.00, 0.00, 0, 9, 1, 101, DATE_ADD(DATE_ADD(now(), INTERVAL -0.5 MINUTE), INTERVAL 25 MINUTE), DATE_ADD(now(), INTERVAL -0.5 MINUTE), null, 0, 0),
(5, 5, 1.00, 0.00, 0, 2, 1, 101, DATE_ADD(DATE_ADD(now(), INTERVAL -0.5 DAY), INTERVAL 25 MINUTE), DATE_ADD(now(), INTERVAL -0.5 DAY), null, 0, 0),
(6, 6, 9.30, 0.00, 0, 9, 1, 101, DATE_ADD(DATE_ADD(now(), INTERVAL -1 DAY), INTERVAL 15 MINUTE), DATE_ADD(now(), INTERVAL -1 DAY), null, 0, 0),
(7, 7, 0.00, 0.00, 1, 2, 1, 101, DATE_ADD(DATE_ADD(now(), INTERVAL -1 MINUTE), INTERVAL 15 MINUTE), DATE_ADD(now(), INTERVAL -1 MINUTE), null, 0, 0),
(8, 8, 9.30, 0.00, 0, 9, 1, 101, DATE_ADD(DATE_ADD(now(), INTERVAL -1 DAY), INTERVAL 20 MINUTE), DATE_ADD(now(), INTERVAL -1 DAY), null, 2, 0),
(9, 9, 9.30, 0.00, 0, 9, 1, 101, DATE_ADD(DATE_ADD(now(), INTERVAL -1 HOUR), INTERVAL 10 MINUTE), DATE_ADD(now(), INTERVAL -1 HOUR), DATE_ADD(DATE_ADD(now(), INTERVAL -1 HOUR), INTERVAL 10 MINUTE), 1, 1),
(10, 10, 9.30, 0.00, 0, 2, 1, 101, DATE_ADD(DATE_ADD(now(), INTERVAL -2 HOUR), INTERVAL 15 MINUTE), DATE_ADD(now(), INTERVAL -2 HOUR), DATE_ADD(DATE_ADD(now(), INTERVAL -2 HOUR), INTERVAL 15 MINUTE), 1, 1),
(11, 11, 9.30, 0.00, 0, 2, 1, 101, DATE_ADD(DATE_ADD(now(), INTERVAL -3 HOUR), INTERVAL 15 MINUTE), DATE_ADD(now(), INTERVAL -3 HOUR), DATE_ADD(DATE_ADD(now(), INTERVAL -3 HOUR), INTERVAL 10 MINUTE), 1, 1),
(12, 12, 9.30, 0.00, 0, 9, 1, 101, DATE_ADD(DATE_ADD(now(), INTERVAL -1 DAY), INTERVAL 30 MINUTE), DATE_ADD(now(), INTERVAL -1 DAY), DATE_ADD(DATE_ADD(now(), INTERVAL -1 DAY), INTERVAL 5 MINUTE), 1, 0),
(13, 13, 9.30, 0.00, 0, 2, 1, 101, DATE_ADD(DATE_ADD(now(), INTERVAL -1.2 DAY), INTERVAL 20 MINUTE), DATE_ADD(now(), INTERVAL -1.2 DAY), DATE_ADD(DATE_ADD(now(), INTERVAL -1.2 DAY), INTERVAL 10 MINUTE), 1, 0),
(14, 14, 9.30, 0.00, 0, 9, 1, 101, DATE_ADD(DATE_ADD(now(), INTERVAL -1.4 DAY), INTERVAL 25 MINUTE), DATE_ADD(now(), INTERVAL -1.4 DAY), DATE_ADD(DATE_ADD(now(), INTERVAL -1.4 DAY), INTERVAL 15 MINUTE), 1, 0),
(15, 15, 9.30, 0.00, 0, 9, 1, 101, DATE_ADD(DATE_ADD(now(), INTERVAL -1.6 DAY), INTERVAL 15 MINUTE), DATE_ADD(now(), INTERVAL -1.6 DAY), DATE_ADD(DATE_ADD(now(), INTERVAL -1.6 DAY), INTERVAL 10 MINUTE), 1, 0);
  
INSERT IGNORE INTO `findlunch`.`reservation_offers` (`id`,`reservation_id`,`offer_id`,`amount`) VALUES
(1, 1, 101, 2),
(2, 1, 102, 1),
(3, 2, 101, 1),
(4, 2, 102, 2),
(5, 2, 103, 1),
(6, 3, 101, 3),
(7, 3, 102, 2),
(8, 3, 103, 1),
(9, 4, 101, 1),
(10, 4, 101, 2),
(11, 5, 102, 1),
(12, 5, 101, 1),
(13, 5, 102, 2),
(14, 6, 103, 1),
(15, 6, 101, 3),
(16, 7, 102, 2),
(17, 7, 103, 1),
(18, 7, 101, 1),
(19, 8, 101, 2),
(20, 8, 102, 1),
(21, 8, 101, 1),
(22, 9, 102, 2),
(23, 9, 103, 1),
(24, 9, 101, 3),
(25, 10, 102, 2),
(26, 10, 103, 1),
(27, 10, 101, 1),
(28, 11, 101, 2),
(29, 11, 102, 1),
(30, 11, 101, 1),
(31, 11, 102, 2),
(32, 12, 103, 1),
(33, 12, 101, 3),
(34, 12, 102, 2),
(35, 12, 103, 1),
(36, 13, 101, 1),
(37, 13, 101, 2),
(38, 13, 102, 1),
(39, 14, 101, 1),
(40, 14, 102, 2),
(41, 14, 103, 1),
(42, 14, 101, 3),
(43, 14, 102, 2),
(44, 15, 103, 1),
(45, 15, 101, 1),
(46, 15, 101, 2),
(47, 15, 102, 1),
(48, 15, 101, 1),
(49, 15, 102, 2),
(50, 15, 103, 1);

INSERT IGNORE INTO `findlunch`.`user_pushtoken` (`id`, `user_id`, `fcm_token`) VALUES
('1', '100', 'eVvkYMnfv5s:APA91bHpUqLqwBXwaJlkqVQLRPA8Dbj8Hms2DaVWBhlbhbl20dpkTmpdEVBSggddg6ALNdEMfagoSOzYIA1zrBxAhTWSn5ipIKxDTlmItjE55OEwCk7F8Ve6hSBx6c7ITFG_vltwK-db');